Zip Code,Official USPS city name,Official USPS State Code,Lat,Lang
95437,Fort Bragg,CA,39.45586,-123.73049
99301,Pasco,WA,46.38449,-118.94392
95819,Sacramento,CA,38.56964,-121.43974
98682,Vancouver,WA,45.67317,-122.48174
98012,Bothell,WA,47.84156,-122.19911
97006,Beaverton,OR,45.51704,-122.85988
97007,Beaverton,OR,45.45435,-122.87964
98052,Redmond,WA,47.68125,-122.12025
97701,Bend,OR,44.01483,-121.33105
97229,Portland,OR,45.5506,-122.80998
98208,Everett,WA,47.90187,-122.1865
97045,Oregon City,OR,45.32843,-122.53074
97301,Salem,OR,44.94903,-123.00399
97124,Hillsboro,OR,45.56783,-122.94644
99208,Spokane,WA,47.77989,-117.46275
98115,Seattle,WA,47.685,-122.28216
98103,Seattle,WA,47.67332,-122.34254
97206,Portland,OR,45.48188,-122.5986
97402,Eugene,OR,44.05156,-123.22999
98391,Bonney Lake,WA,47.17717,-122.17228
99336,Kennewick,WA,46.21378,-119.17886
98225,Bellingham,WA,48.75302,-122.50144
98632,Longview,WA,46.21684,-123.06852
98270,Marysville,WA,48.0596,-122.14454
97223,Portland,OR,45.4403,-122.7795
98105,Seattle,WA,47.66068,-122.28403
98023,Federal Way,WA,47.3088,-122.36269
97702,Bend,OR,43.99863,-121.24356
98003,Federal Way,WA,47.30512,-122.31507
98387,Spanaway,WA,47.05699,-122.39543
97123,Hillsboro,OR,45.44163,-122.98413
98118,Seattle,WA,47.54245,-122.2688
98133,Seattle,WA,47.73988,-122.34425
98042,Kent,WA,47.36623,-122.11717
98661,Vancouver,WA,45.63918,-122.62575
97504,Medford,OR,42.32693,-122.79868
98092,Auburn,WA,47.28763,-122.12871
98902,Yakima,WA,46.59668,-120.53375
97501,Medford,OR,42.28178,-122.90541
97401,Eugene,OR,44.06825,-123.08181
97405,Eugene,OR,43.93975,-123.19156
97080,Gresham,OR,45.47847,-122.38954
98837,Moses Lake,WA,47.14978,-119.30455
98223,Arlington,WA,48.21048,-121.95172
97305,Salem,OR,45.01433,-122.92872
98226,Bellingham,WA,48.80061,-122.42744
98058,Renton,WA,47.44181,-122.12439
99205,Spokane,WA,47.69665,-117.44622
98034,Kirkland,WA,47.71577,-122.2158
97202,Portland,OR,45.48292,-122.64407
98801,Wenatchee,WA,47.42334,-120.33781
98125,Seattle,WA,47.71641,-122.29812
97330,Corvallis,OR,44.63646,-123.27657
98501,Olympia,WA,46.97906,-122.87092
97219,Portland,OR,45.45395,-122.6998
98204,Everett,WA,47.90132,-122.26088
98374,Puyallup,WA,47.12994,-122.26196
99362,Walla Walla,WA,46.08931,-118.30738
97303,Salem,OR,45.03045,-123.02438
98087,Lynnwood,WA,47.863,-122.26643
97236,Portland,OR,45.4847,-122.51053
98036,Lynnwood,WA,47.81111,-122.2816
97233,Portland,OR,45.514,-122.49948
98503,Lacey,WA,47.02578,-122.79819
98033,Kirkland,WA,47.67612,-122.19233
97478,Springfield,OR,44.09093,-122.85142
97230,Portland,OR,45.55813,-122.50746
98122,Seattle,WA,47.61151,-122.29184
98032,Kent,WA,47.39234,-122.25872
98059,Renton,WA,47.50223,-122.12101
97756,Redmond,OR,44.27851,-121.21385
99206,Spokane,WA,47.62899,-117.25487
97302,Salem,OR,44.90187,-123.06785
98030,Kent,WA,47.36821,-122.19736
98277,Oak Harbor,WA,48.31624,-122.63163
97030,Gresham,OR,45.50897,-122.43189
98026,Edmonds,WA,47.83559,-122.33164
97128,Mcminnville,OR,45.19704,-123.25457
98198,Seattle,WA,47.3946,-122.31122
98006,Bellevue,WA,47.55748,-122.15081
98031,Kent,WA,47.40491,-122.19562
97477,Springfield,OR,44.05875,-123.01122
98584,Shelton,WA,47.24236,-123.15513
98604,Battle Ground,WA,45.80019,-122.50522
98908,Yakima,WA,46.61658,-120.70952
97222,Portland,OR,45.44129,-122.61709
97322,Albany,OR,44.62606,-123.01891
98290,Snohomish,WA,47.95104,-121.98023
98404,Tacoma,WA,47.20975,-122.41008
98004,Bellevue,WA,47.61883,-122.20595
97527,Grants Pass,OR,42.38226,-123.40806
98203,Everett,WA,47.94354,-122.23329
97526,Grants Pass,OR,42.51404,-123.34022
98038,Maple Valley,WA,47.41741,-121.95374
98513,Olympia,WA,46.98328,-122.73472
97266,Portland,OR,45.48275,-122.55838
98056,Renton,WA,47.51287,-122.18959
98117,Seattle,WA,47.6882,-122.38148
97224,Portland,OR,45.40551,-122.7951
97211,Portland,OR,45.58133,-122.63421
99163,Pullman,WA,46.72893,-117.21485
98155,Seattle,WA,47.75601,-122.30034
98502,Olympia,WA,47.09052,-123.01239
98366,Port Orchard,WA,47.53716,-122.58649
97203,Portland,OR,45.60644,-122.75365
98926,Ellensburg,WA,47.01293,-120.46296
97217,Portland,OR,45.59995,-122.70386
97404,Eugene,OR,44.10486,-123.13298
98444,Tacoma,WA,47.15285,-122.44899
98011,Bothell,WA,47.75338,-122.20189
98001,Auburn,WA,47.30998,-122.2652
97267,Portland,OR,45.40772,-122.61488
98002,Auburn,WA,47.30836,-122.21638
98168,Seattle,WA,47.48887,-122.30122
98683,Vancouver,WA,45.60301,-122.51024
98258,Lake Stevens,WA,48.0424,-122.06897
98662,Vancouver,WA,45.68851,-122.57784
97213,Portland,OR,45.5378,-122.59963
98229,Bellingham,WA,48.6955,-122.41046
98144,Seattle,WA,47.58596,-122.29237
97306,Salem,OR,44.84465,-123.07971
99337,Kennewick,WA,46.07461,-119.08614
98901,Yakima,WA,46.69319,-120.41528
98607,Camas,WA,45.64338,-122.38206
99223,Spokane,WA,47.59132,-117.34474
98445,Tacoma,WA,47.13981,-122.40989
98375,Puyallup,WA,47.10367,-122.32346
99352,Richland,WA,46.25225,-119.28785
97304,Salem,OR,45.00899,-123.1081
98499,Lakewood,WA,47.16671,-122.507
98021,Bothell,WA,47.79257,-122.20819
98802,East Wenatchee,WA,47.49059,-120.16774
98370,Poulsbo,WA,47.75101,-122.6229
98312,Bremerton,WA,47.57326,-122.76008
98273,Mount Vernon,WA,48.40393,-122.36933
97471,Roseburg,OR,43.22016,-123.47589
98027,Issaquah,WA,47.50138,-121.99933
97086,Happy Valley,OR,45.44519,-122.52821
98296,Snohomish,WA,47.84067,-122.10169
98037,Lynnwood,WA,47.8392,-122.28549
94903,San Rafael,CA,38.02479,-122.55223
99207,Spokane,WA,47.68889,-117.38782
98109,Seattle,WA,47.63159,-122.34417
98512,Olympia,WA,46.95651,-123.04842
93654,Reedley,CA,36.65715,-119.40291
95117,San Jose,CA,37.31126,-121.96191
97355,Lebanon,OR,44.53097,-122.82268
95682,Shingle Springs,CA,38.61109,-120.96638
95824,Sacramento,CA,38.51759,-121.44075
91731,El Monte,CA,34.07878,-118.04062
94602,Oakland,CA,37.8041,-122.20704
92405,San Bernardino,CA,34.1446,-117.30127
92110,San Diego,CA,32.76519,-117.1999
95834,Sacramento,CA,38.64203,-121.52027
98272,Monroe,WA,47.84931,-121.88521
90302,Inglewood,CA,33.97472,-118.35551
92653,Laguna Hills,CA,33.59159,-117.69847
97008,Beaverton,OR,45.46022,-122.80417
95966,Oroville,CA,39.47123,-121.42821
98367,Port Orchard,WA,47.46508,-122.68313
91356,Tarzana,CA,34.15508,-118.54751
97071,Woodburn,OR,45.13592,-122.82654
94549,Lafayette,CA,37.89743,-122.1166
98201,Everett,WA,47.99339,-122.21327
98685,Vancouver,WA,45.71621,-122.68991
90028,Los Angeles,CA,34.09989,-118.32691
93704,Fresno,CA,36.79909,-119.8016
97132,Newberg,OR,45.32229,-122.9871
91746,La Puente,CA,34.04426,-117.98629
91324,Northridge,CA,34.23901,-118.54958
97220,Portland,OR,45.54971,-122.55917
91792,West Covina,CA,34.02584,-117.89993
94704,Berkeley,CA,37.86656,-122.25805
92081,Vista,CA,33.16431,-117.24028
97068,West Linn,OR,45.35303,-122.66929
92694,Ladera Ranch,CA,33.54724,-117.62373
91803,Alhambra,CA,34.07494,-118.14621
94585,Suisun City,CA,38.19379,-121.92595
94131,San Francisco,CA,37.74543,-122.44291
90039,Los Angeles,CA,34.1118,-118.26001
95603,Auburn,CA,38.917,-121.08045
95212,Stockton,CA,38.04827,-121.22818
98684,Vancouver,WA,45.63073,-122.51644
97603,Klamath Falls,OR,42.14085,-121.68079
93035,Oxnard,CA,34.18358,-119.22179
95134,San Jose,CA,37.42861,-121.94346
96150,South Lake Tahoe,CA,38.8709,-120.00886
98007,Bellevue,WA,47.61445,-122.14381
95492,Windsor,CA,38.53034,-122.81716
95219,Stockton,CA,38.04199,-121.48581
98029,Issaquah,WA,47.55847,-122.00546
91384,Castaic,CA,34.53072,-118.68639
98466,Tacoma,WA,47.22778,-122.53573
96080,Red Bluff,CA,40.16515,-122.38167
98271,Marysville,WA,48.09415,-122.2345
90041,Los Angeles,CA,34.13765,-118.20762
92604,Irvine,CA,33.68814,-117.78888
97502,Central Point,OR,42.41724,-122.95621
93314,Bakersfield,CA,35.38792,-119.23632
98382,Sequim,WA,48.02747,-123.07863
93401,San Luis Obispo,CA,35.24175,-120.61711
98338,Graham,WA,47.02047,-122.28328
98074,Sammamish,WA,47.62263,-122.04314
98498,Lakewood,WA,47.16231,-122.55452
94518,Concord,CA,37.95041,-122.02205
92316,Bloomington,CA,34.05911,-117.39065
97062,Tualatin,OR,45.36875,-122.76196
95204,Stockton,CA,37.97388,-121.31987
92262,Palm Springs,CA,33.86055,-116.56152
90038,Los Angeles,CA,34.08876,-118.32652
95133,San Jose,CA,37.37159,-121.86084
93105,Santa Barbara,CA,34.53229,-119.79968
95961,Olivehurst,CA,39.03344,-121.55758
94062,Redwood City,CA,37.42134,-122.30715
94510,Benicia,CA,38.09404,-122.13197
95829,Sacramento,CA,38.48924,-121.33249
90713,Lakewood,CA,33.84798,-118.11265
93901,Salinas,CA,36.63863,-121.62401
90405,Santa Monica,CA,34.01179,-118.46821
93280,Wasco,CA,35.64805,-119.44873
95370,Sonora,CA,37.98461,-120.34883
90710,Harbor City,CA,33.79809,-118.29907
91364,Woodland Hills,CA,34.15477,-118.59509
98311,Bremerton,WA,47.63019,-122.63698
97420,Coos Bay,OR,43.35487,-124.14625
95363,Patterson,CA,37.46353,-121.21678
90061,Los Angeles,CA,33.92045,-118.27403
94598,Walnut Creek,CA,37.9011,-122.00047
98146,Seattle,WA,47.50009,-122.35751
90017,Los Angeles,CA,34.05291,-118.2643
91103,Pasadena,CA,34.16898,-118.16597
94559,Napa,CA,38.23297,-122.30795
98107,Seattle,WA,47.66762,-122.3781
95618,Davis,CA,38.54067,-121.68305
94306,Palo Alto,CA,37.41571,-122.13078
98116,Seattle,WA,47.57397,-122.39507
98178,Seattle,WA,47.49929,-122.24706
90270,Maywood,CA,33.98797,-118.18592
97116,Forest Grove,OR,45.58259,-123.17353
90035,Los Angeles,CA,34.05182,-118.38351
91945,Lemon Grove,CA,32.73317,-117.03416
93725,Fresno,CA,36.62534,-119.73651
92227,Brawley,CA,32.99027,-115.34876
92614,Irvine,CA,33.68165,-117.83293
95409,Santa Rosa,CA,38.46101,-122.59753
94002,Belmont,CA,37.5135,-122.29905
92008,Carlsbad,CA,33.14594,-117.31785
98284,Sedro Woolley,WA,48.55307,-122.12046
90746,Carson,CA,33.85888,-118.25526
92868,Orange,CA,33.78813,-117.87629
97321,Albany,OR,44.65193,-123.13328
97035,Lake Oswego,OR,45.41321,-122.72514
91042,Tujunga,CA,34.31653,-118.24912
93960,Soledad,CA,36.39832,-121.34114
90291,Venice,CA,33.99437,-118.46344
92629,Dana Point,CA,33.47671,-117.70459
97214,Portland,OR,45.5143,-122.64309
92860,Norco,CA,33.92467,-117.55166
94607,Oakland,CA,37.8073,-122.30019
91755,Monterey Park,CA,34.048,-118.11499
94133,San Francisco,CA,37.80381,-122.41073
91741,Glendora,CA,34.15372,-117.84368
91504,Burbank,CA,34.20449,-118.327
91724,Covina,CA,34.08071,-117.85502
91302,Calabasas,CA,34.12426,-118.6701
97212,Portland,OR,45.54426,-122.64367
98665,Vancouver,WA,45.67974,-122.65942
91932,Imperial Beach,CA,32.57609,-117.1194
90249,Gardena,CA,33.9015,-118.31708
98372,Puyallup,WA,47.20602,-122.26691
90240,Downey,CA,33.9568,-118.11869
95242,Lodi,CA,38.13459,-121.39362
91010,Duarte,CA,34.14073,-117.9567
98373,Puyallup,WA,47.1476,-122.32519
91307,West Hills,CA,34.20164,-118.66216
91301,Agoura Hills,CA,34.12274,-118.7572
97005,Beaverton,OR,45.49095,-122.8035
98119,Seattle,WA,47.63995,-122.37005
97140,Sherwood,OR,45.35504,-122.86426
92284,Yucca Valley,CA,34.18604,-116.43234
92606,Irvine,CA,33.70043,-117.81724
97838,Hermiston,OR,45.85295,-119.28695
94530,El Cerrito,CA,37.92157,-122.29846
91411,Van Nuys,CA,34.17838,-118.4593
97225,Portland,OR,45.50218,-122.77008
91784,Upland,CA,34.141,-117.65814
95032,Los Gatos,CA,37.21505,-121.92794
98531,Centralia,WA,46.73496,-122.92102
98102,Seattle,WA,47.63642,-122.32218
95503,Eureka,CA,40.72426,-124.09613
90304,Inglewood,CA,33.93799,-118.35857
98106,Seattle,WA,47.54349,-122.35435
90064,Los Angeles,CA,34.03702,-118.42492
92532,Lake Elsinore,CA,33.69279,-117.30327
98409,Tacoma,WA,47.21115,-122.48203
94803,El Sobrante,CA,37.95953,-122.28365
94123,San Francisco,CA,37.80046,-122.43821
91740,Glendora,CA,34.11878,-117.8539
94947,Novato,CA,38.11324,-122.62972
92832,Fullerton,CA,33.86859,-117.92897
98516,Olympia,WA,47.09657,-122.7836
98008,Bellevue,WA,47.60527,-122.11098
94402,San Mateo,CA,37.54105,-122.33317
98040,Mercer Island,WA,47.56612,-122.23198
95815,Sacramento,CA,38.60548,-121.4473
92411,San Bernardino,CA,34.12207,-117.32032
91030,South Pasadena,CA,34.1102,-118.15735
98335,Gig Harbor,WA,47.29895,-122.61892
94547,Hercules,CA,38.00655,-122.26146
90602,Whittier,CA,33.972,-118.02227
91106,Pasadena,CA,34.13867,-118.1282
95677,Rocklin,CA,38.79134,-121.2344
98112,Seattle,WA,47.63392,-122.28893
93933,Marina,CA,36.68608,-121.787
97317,Salem,OR,44.90261,-122.90736
98248,Ferndale,WA,48.8659,-122.62
95945,Grass Valley,CA,39.19509,-120.97699
99216,Spokane,WA,47.67999,-117.20944
94506,Danville,CA,37.8081,-121.90636
95003,Aptos,CA,37.01015,-121.87763
97520,Ashland,OR,42.15773,-122.5513
98188,Seattle,WA,47.44822,-122.27317
91403,Sherman Oaks,CA,34.14659,-118.46286
91737,Rancho Cucamonga,CA,34.15259,-117.57772
97070,Wilsonville,OR,45.30759,-122.77154
95367,Riverbank,CA,37.72831,-120.94072
90274,Palos Verdes Peninsula,CA,33.77734,-118.36893
92211,Palm Desert,CA,33.76218,-116.33102
91775,San Gabriel,CA,34.1143,-118.08958
95354,Modesto,CA,37.6382,-120.96597
92119,San Diego,CA,32.8101,-117.03279
92651,Laguna Beach,CA,33.55926,-117.77647
98626,Kelso,WA,46.15464,-122.78638
95054,Santa Clara,CA,37.3934,-121.96471
98110,Bainbridge Island,WA,47.64469,-122.54353
90303,Inglewood,CA,33.93809,-118.33232
98055,Renton,WA,47.44695,-122.20142
95215,Stockton,CA,37.94392,-121.15292
90740,Seal Beach,CA,33.75962,-118.07346
98520,Aberdeen,WA,47.04349,-123.80637
93041,Port Hueneme,CA,34.13103,-119.14669
92011,Carlsbad,CA,33.10721,-117.29429
97013,Canby,OR,45.21812,-122.67168
94619,Oakland,CA,37.77751,-122.13151
98532,Chehalis,WA,46.63122,-123.04085
98362,Port Angeles,WA,47.98419,-123.3616
98075,Sammamish,WA,47.58654,-122.03847
98597,Yelm,WA,46.85138,-122.49229
92251,Imperial,CA,32.87227,-115.69
98072,Woodinville,WA,47.76117,-122.13215
95746,Granite Bay,CA,38.75126,-121.18106
95776,Woodland,CA,38.6825,-121.70563
90403,Santa Monica,CA,34.03106,-118.4901
99354,Richland,WA,46.32566,-119.3067
95531,Crescent City,CA,41.79625,-124.00515
94609,Oakland,CA,37.83434,-122.26433
94024,Los Altos,CA,37.35221,-122.09438
98126,Seattle,WA,47.54768,-122.37442
98108,Seattle,WA,47.54131,-122.31292
97015,Clackamas,OR,45.41478,-122.53835
98405,Tacoma,WA,47.2458,-122.47201
98944,Sunnyside,WA,46.49322,-119.64732
95969,Paradise,CA,39.71633,-121.64742
90292,Marina Del Rey,CA,33.97831,-118.44761
92835,Fullerton,CA,33.90187,-117.91735
98664,Vancouver,WA,45.61981,-122.57752
93212,Corcoran,CA,36.04207,-119.5277
98406,Tacoma,WA,47.26211,-122.50898
95864,Sacramento,CA,38.5853,-121.37627
92344,Hesperia,CA,34.39117,-117.40567
91202,Glendale,CA,34.16785,-118.26846
95501,Eureka,CA,40.79809,-124.15097
97333,Corvallis,OR,44.47368,-123.30732
93907,Salinas,CA,36.76958,-121.66778
91201,Glendale,CA,34.17031,-118.28913
92602,Irvine,CA,33.74582,-117.74867
96007,Anderson,CA,40.45867,-122.27916
94085,Sunnyvale,CA,37.38854,-122.01776
92844,Garden Grove,CA,33.76543,-117.96945
92277,Twentynine Palms,CA,34.21531,-115.6222
94597,Walnut Creek,CA,37.91827,-122.07155
92782,Tustin,CA,33.7397,-117.78471
98671,Washougal,WA,45.61329,-122.2422
90404,Santa Monica,CA,34.02662,-118.47364
94089,Sunnyvale,CA,37.41154,-122.01404
90732,San Pedro,CA,33.74507,-118.31012
95330,Lathrop,CA,37.81352,-121.31053
98028,Kenmore,WA,47.75423,-122.24753
97601,Klamath Falls,OR,42.44883,-122.07473
93610,Chowchilla,CA,37.09232,-120.28778
98199,Seattle,WA,47.65137,-122.40272
93203,Arvin,CA,35.1119,-118.83079
90015,Los Angeles,CA,34.03939,-118.26645
94030,Millbrae,CA,37.59972,-122.40305
92118,Coronado,CA,32.67487,-117.17866
97060,Troutdale,OR,45.53423,-122.37027
92225,Blythe,CA,33.74646,-114.66793
92108,San Diego,CA,32.77389,-117.14247
90720,Los Alamitos,CA,33.79557,-118.0636
98292,Stanwood,WA,48.2234,-122.3073
93263,Shafter,CA,35.4928,-119.28685
92354,Loma Linda,CA,34.04977,-117.25154
95135,San Jose,CA,37.28985,-121.69571
98053,Redmond,WA,47.66565,-122.01946
95620,Dixon,CA,38.40971,-121.75299
92663,Newport Beach,CA,33.62365,-117.93046
98383,Silverdale,WA,47.66207,-122.71793
92585,Menifee,CA,33.74669,-117.17214
94579,San Leandro,CA,37.68643,-122.15748
97338,Dallas,OR,44.92701,-123.3463
98371,Puyallup,WA,47.19956,-122.32219
93560,Rosamond,CA,34.86642,-118.34068
94596,Walnut Creek,CA,37.88907,-122.03753
98221,Anacortes,WA,48.50321,-122.65492
94703,Berkeley,CA,37.86389,-122.27564
99224,Spokane,WA,47.64881,-117.53682
90272,Pacific Palisades,CA,34.07991,-118.54219
95818,Sacramento,CA,38.55588,-121.49664
92501,Riverside,CA,33.99542,-117.37361
90603,Whittier,CA,33.94541,-117.99253
90717,Lomita,CA,33.79383,-118.3172
98422,Tacoma,WA,47.28962,-122.39171
90048,Los Angeles,CA,34.07297,-118.37265
98166,Seattle,WA,47.45281,-122.3501
98407,Tacoma,WA,47.28861,-122.51131
91101,Pasadena,CA,34.14657,-118.13942
98275,Mukilteo,WA,47.9133,-122.29926
93444,Nipomo,CA,35.03846,-120.50425
95841,Sacramento,CA,38.66035,-121.34742
94706,Albany,CA,37.8897,-122.29551
98022,Enumclaw,WA,47.15032,-121.65482
98043,Mountlake Terrace,WA,47.792,-122.30743
99203,Spokane,WA,47.6291,-117.40327
94127,San Francisco,CA,37.7357,-122.45943
98408,Tacoma,WA,47.19802,-122.44647
90068,Los Angeles,CA,34.12837,-118.32828
95405,Santa Rosa,CA,38.43713,-122.66594
95521,Arcata,CA,40.84857,-124.05913
95949,Grass Valley,CA,39.1026,-121.13515
99202,Spokane,WA,47.65743,-117.37908
98264,Lynden,WA,48.95016,-122.46036
99004,Cheney,WA,47.41112,-117.63773
93630,Kerman,CA,36.7212,-120.12961
98177,Seattle,WA,47.74226,-122.37079
95138,San Jose,CA,37.24663,-121.73388
95827,Sacramento,CA,38.55504,-121.32555
92865,Orange,CA,33.82887,-117.84905
97058,The Dalles,OR,45.53878,-121.15334
98310,Bremerton,WA,47.59269,-122.623
97801,Pendleton,OR,45.66821,-118.81573
93103,Santa Barbara,CA,34.438,-119.68057
94019,Half Moon Bay,CA,37.46472,-122.41624
91501,Burbank,CA,34.20052,-118.29583
98686,Vancouver,WA,45.72415,-122.62335
95965,Oroville,CA,39.5947,-121.59608
99403,Clarkston,WA,46.37243,-117.25273
92808,Anaheim,CA,33.85647,-117.74013
92377,Rialto,CA,34.15602,-117.40413
99212,Spokane,WA,47.66523,-117.30916
91011,La Canada Flintridge,CA,34.22161,-118.20516
94503,American Canyon,CA,38.18419,-122.26293
97754,Prineville,OR,44.15223,-120.57082
91361,Westlake Village,CA,34.13649,-118.889
90715,Lakewood,CA,33.84035,-118.07886
90069,West Hollywood,CA,34.09386,-118.38171
92106,San Diego,CA,32.71272,-117.23605
95391,Tracy,CA,37.76309,-121.60538
96130,Susanville,CA,40.54876,-120.68496
92264,Palm Springs,CA,33.73214,-116.50424
91040,Sunland,CA,34.26177,-118.33715
94519,Concord,CA,37.98847,-122.01294
92887,Yorba Linda,CA,33.88471,-117.73124
98642,Ridgefield,WA,45.80248,-122.70178
95110,San Jose,CA,37.34662,-121.90993
93023,Ojai,CA,34.52392,-119.2744
97470,Roseburg,OR,43.22975,-123.23434
95519,Mckinleyville,CA,40.95573,-124.04641
98433,Tacoma,WA,47.1113,-122.58723
90814,Long Beach,CA,33.77163,-118.14362
91602,North Hollywood,CA,34.15106,-118.36634
94563,Orinda,CA,37.87967,-122.18458
92603,Irvine,CA,33.62447,-117.78875
90254,Hermosa Beach,CA,33.86546,-118.39665
98121,Seattle,WA,47.61541,-122.34669
92586,Menifee,CA,33.70901,-117.19889
98020,Edmonds,WA,47.80022,-122.37266
94022,Los Altos,CA,37.35752,-122.14444
97914,Ontario,OR,44.11322,-117.08407
91381,Stevenson Ranch,CA,34.37747,-118.61311
92029,Escondido,CA,33.08511,-117.12994
90210,Beverly Hills,CA,34.10103,-118.41475
94564,Pinole,CA,37.99177,-122.27992
98005,Bellevue,WA,47.61478,-122.16862
91390,Santa Clarita,CA,34.52287,-118.39215
91345,Mission Hills,CA,34.26594,-118.45945
94945,Novato,CA,38.12808,-122.55832
97209,Portland,OR,45.53095,-122.68439
97215,Portland,OR,45.51468,-122.59959
97055,Sandy,OR,45.38866,-122.15507
97031,Hood River,OR,45.6247,-121.54547
91902,Bonita,CA,32.66704,-117.01825
93927,Greenfield,CA,36.23358,-121.37717
93268,Taft,CA,35.16239,-119.42517
91204,Glendale,CA,34.13629,-118.26093
92082,Valley Center,CA,33.25079,-117.00049
94949,Novato,CA,38.06529,-122.53839
97034,Lake Oswego,OR,45.40926,-122.68384
98332,Gig Harbor,WA,47.365,-122.59887
91506,Burbank,CA,34.17117,-118.32384
91723,Covina,CA,34.08476,-117.88643
96161,Truckee,CA,39.30962,-120.20989
95959,Nevada City,CA,39.33853,-120.92058
93210,Coalinga,CA,36.19943,-120.4231
92371,Phelan,CA,34.44269,-117.54186
93247,Lindsay,CA,36.20457,-119.06992
92270,Rancho Mirage,CA,33.76591,-116.42728
97239,Portland,OR,45.48842,-122.69061
91901,Alpine,CA,32.80639,-116.7123
94595,Walnut Creek,CA,37.87197,-122.06933
97201,Portland,OR,45.50777,-122.68975
93015,Fillmore,CA,34.40574,-118.89657
90265,Malibu,CA,34.07191,-118.84989
95366,Ripon,CA,37.76259,-121.12451
97424,Cottage Grove,OR,43.74448,-123.05447
90502,Torrance,CA,33.83499,-118.29292
98274,Mount Vernon,WA,48.35934,-122.14555
99344,Othello,WA,46.81646,-119.17787
97103,Astoria,OR,46.13219,-123.70323
98230,Blaine,WA,48.95408,-122.71066
95602,Auburn,CA,38.99059,-121.11038
99217,Spokane,WA,47.73991,-117.2568
98942,Selah,WA,46.80184,-120.67505
95448,Healdsburg,CA,38.62394,-122.88593
91914,Chula Vista,CA,32.66544,-116.9524
93111,Santa Barbara,CA,34.44987,-119.80353
97850,La Grande,OR,45.30159,-118.11669
94618,Oakland,CA,37.84402,-122.23887
92587,Menifee,CA,33.69509,-117.25294
92582,San Jacinto,CA,33.80584,-117.01947
95816,Sacramento,CA,38.57163,-121.46691
92617,Irvine,CA,33.6425,-117.84169
93930,King City,CA,36.21475,-121.03097
98506,Olympia,WA,47.10283,-122.87324
95334,Livingston,CA,37.34808,-120.74314
98282,Camano Island,WA,48.18657,-122.47075
98136,Seattle,WA,47.53676,-122.38986
97051,Saint Helens,OR,45.8847,-122.91213
97216,Portland,OR,45.51388,-122.55837
99218,Spokane,WA,47.75954,-117.40845
94702,Berkeley,CA,37.86576,-122.28629
93110,Santa Barbara,CA,34.44804,-119.76248
90701,Artesia,CA,33.86763,-118.08062
90245,El Segundo,CA,33.91695,-118.40206
90670,Santa Fe Springs,CA,33.93301,-118.06264
93013,Carpinteria,CA,34.44012,-119.49416
95673,Rio Linda,CA,38.68969,-121.46143
94301,Palo Alto,CA,37.44412,-122.14995
93728,Fresno,CA,36.75727,-119.81834
93402,Los Osos,CA,35.28956,-120.83723
99338,Kennewick,WA,46.14795,-119.27355
94556,Moraga,CA,37.84064,-122.11492
93241,Lamont,CA,35.25578,-118.91285
94305,Stanford,CA,37.41721,-122.17097
94505,Discovery Bay,CA,37.86762,-121.58632
98233,Burlington,WA,48.50393,-122.35082
92610,Foothill Ranch,CA,33.6961,-117.67606
92010,Carlsbad,CA,33.15687,-117.28474
93631,Kingsburg,CA,36.47563,-119.52084
92845,Garden Grove,CA,33.78308,-118.02625
95252,Valley Springs,CA,38.14951,-120.84699
96022,Cottonwood,CA,40.33505,-122.447
93250,McFarland,CA,35.66575,-119.19747
97381,Silverton,OR,44.97268,-122.74572
99353,West Richland,WA,46.3167,-119.37926
93648,Parlier,CA,36.62061,-119.52077
92637,Laguna Woods,CA,33.61015,-117.73166
96021,Corning,CA,39.92648,-122.26527
98065,Snoqualmie,WA,47.58459,-121.79164
98368,Port Townsend,WA,48.04272,-122.84534
94960,San Anselmo,CA,37.99584,-122.5778
91208,Glendale,CA,34.1925,-118.23656
99016,Greenacres,WA,47.62116,-117.14626
98321,Buckley,WA,47.15287,-122.06432
94612,Oakland,CA,37.80878,-122.26909
95422,Clearlake,CA,38.97629,-122.62312
97038,Molalla,OR,45.08756,-122.55767
90623,La Palma,CA,33.85045,-118.04072
98930,Grandview,WA,46.27048,-119.89355
92866,Orange,CA,33.78463,-117.84471
93950,Pacific Grove,CA,36.61901,-121.92547
95963,Orland,CA,39.73634,-122.26205
95203,Stockton,CA,37.95254,-121.33148
98467,University Place,WA,47.20405,-122.54641
91203,Glendale,CA,34.15298,-118.26419
95066,Scotts Valley,CA,37.06792,-122.01399
98045,North Bend,WA,47.39158,-121.63471
92274,Thermal,CA,33.46162,-116.08565
91436,Encino,CA,34.15087,-118.49229
97218,Portland,OR,45.57677,-122.60074
94507,Alamo,CA,37.85042,-122.02108
90305,Inglewood,CA,33.95959,-118.33015
97524,Eagle Point,OR,42.45097,-122.67703
94552,Castro Valley,CA,37.7131,-122.01796
97113,Cornelius,OR,45.50548,-123.04618
95650,Loomis,CA,38.81283,-121.17077
90232,Culver City,CA,34.01879,-118.39182
97439,Florence,OR,44.06609,-124.03756
94502,Alameda,CA,37.73679,-122.24061
94542,Hayward,CA,37.65984,-122.03717
97386,Sweet Home,OR,44.35982,-122.75171
95130,San Jose,CA,37.2882,-121.98175
99037,Veradale,WA,47.6364,-117.19718
94041,Mountain View,CA,37.38847,-122.07564
98104,Seattle,WA,47.60169,-122.32849
95315,Delhi,CA,37.4236,-120.77147
95605,West Sacramento,CA,38.59294,-121.5391
98663,Vancouver,WA,45.65399,-122.66253
93543,Littlerock,CA,34.48918,-117.97085
90716,Hawaiian Gardens,CA,33.83049,-118.07302
95304,Tracy,CA,37.67832,-121.3999
98363,Port Angeles,WA,48.01057,-123.87548
95540,Fortuna,CA,40.57866,-124.13648
94805,Richmond,CA,37.94279,-122.32296
97415,Brookings,OR,42.13701,-124.23586
93514,Bishop,CA,37.50147,-118.40493
94108,San Francisco,CA,37.79203,-122.40864
93221,Exeter,CA,36.29501,-119.02605
95388,Winton,CA,37.41812,-120.59158
98903,Yakima,WA,46.53886,-121.02662
95368,Salida,CA,37.71618,-121.09002
97141,Tillamook,OR,45.47146,-123.7552
93723,Fresno,CA,36.78624,-119.95324
91377,Oak Park,CA,34.18496,-118.76687
93505,California City,CA,35.16646,-117.88815
97089,Damascus,OR,45.42549,-122.44332
95817,Sacramento,CA,38.55059,-121.45643
98360,Orting,WA,47.03026,-122.15928
97232,Portland,OR,45.52919,-122.64377
94517,Clayton,CA,37.89022,-121.87842
97459,North Bend,OR,43.48361,-124.17284
92408,San Bernardino,CA,34.08448,-117.26588
98579,Rochester,WA,46.79802,-123.11937
92014,Del Mar,CA,32.96686,-117.24799
93433,Grover Beach,CA,35.12059,-120.61911
94705,Berkeley,CA,37.86522,-122.23818
98101,Seattle,WA,47.6113,-122.33465
99350,Prosser,WA,46.18027,-119.70516
95030,Los Gatos,CA,37.22311,-121.98395
98077,Woodinville,WA,47.75293,-122.05826
97403,Eugene,OR,44.03582,-123.05299
91108,San Marino,CA,34.12234,-118.11341
97408,Eugene,OR,44.14466,-123.05446
90212,Beverly Hills,CA,34.06217,-118.40194
95360,Newman,CA,37.29165,-121.22571
93636,Madera,CA,36.98231,-119.87311
98948,Toppenish,WA,46.28525,-120.32839
97448,Junction City,OR,44.21054,-123.2815
94904,Greenbrae,CA,37.94522,-122.56278
95490,Willits,CA,39.49709,-123.33932
93204,Avenal,CA,35.92646,-120.08639
93640,Mendota,CA,36.67424,-120.44196
98674,Woodland,WA,45.94333,-122.66499
99201,Spokane,WA,47.66272,-117.43614
99114,Colville,WA,48.65406,-117.7396
93923,Carmel,CA,36.45757,-121.84387
98057,Renton,WA,47.47142,-122.22029
95320,Escalon,CA,37.82528,-121.01347
97503,White City,OR,42.59042,-122.92747
99006,Deer Park,WA,47.98298,-117.50225
93730,Fresno,CA,36.90317,-119.75488
92075,Solana Beach,CA,32.99738,-117.25844
94920,Belvedere Tiburon,CA,37.88749,-122.46576
90293,Playa Del Rey,CA,33.95033,-118.43721
98951,Wapato,WA,46.45977,-120.51617
91105,Pasadena,CA,34.13821,-118.16677
97741,Madras,OR,44.6518,-121.05269
97739,La Pine,OR,43.69959,-121.46219
98660,Vancouver,WA,45.68772,-122.73187
90013,Los Angeles,CA,34.04481,-118.24033
92313,Grand Terrace,CA,34.031,-117.31288
97027,Gladstone,OR,45.38692,-122.59285
95742,Rancho Cordova,CA,38.57508,-121.19836
97221,Portland,OR,45.49797,-122.7278
94065,Redwood City,CA,37.53542,-122.24673
93908,Salinas,CA,36.63429,-121.60685
92625,Corona Del Mar,CA,33.60216,-117.86558
95954,Magalia,CA,39.89153,-121.58525
97814,Baker City,OR,44.82656,-117.76251
90040,Los Angeles,CA,33.99353,-118.14907
93301,Bakersfield,CA,35.38451,-119.02082
98848,Quincy,WA,47.17238,-119.8433
97361,Monmouth,OR,44.7692,-123.33919
99019,Liberty Lake,WA,47.64281,-117.07648
98148,Seattle,WA,47.44375,-122.32508
95832,Sacramento,CA,38.44506,-121.49648
93614,Coarsegold,CA,37.20791,-119.73322
94709,Berkeley,CA,37.87927,-122.26689
97862,Milton Freewater,OR,45.92342,-118.31008
98019,Duvall,WA,47.73961,-121.84941
95948,Gridley,CA,39.34384,-121.76035
95814,Sacramento,CA,38.58045,-121.49498
90402,Santa Monica,CA,34.03561,-118.50364
97210,Portland,OR,45.54692,-122.73
94707,Berkeley,CA,37.89833,-122.27918
95357,Modesto,CA,37.66794,-120.88045
92055,Camp Pendleton,CA,33.38774,-117.44483
93646,Orange Cove,CA,36.6447,-119.28916
97056,Scappoose,OR,45.78126,-122.9547
90248,Gardena,CA,33.87669,-118.2835
95451,Kelseyville,CA,38.93284,-122.80414
95640,Ione,CA,38.32956,-120.94261
90755,Signal Hill,CA,33.80289,-118.16772
98424,Fife,WA,47.23435,-122.35193
98329,Gig Harbor,WA,47.37783,-122.72546
98528,Belfair,WA,47.44215,-122.89179
98580,Roy,WA,46.99631,-122.51612
92007,Cardiff By The Sea,CA,33.0219,-117.2735
93647,Orosi,CA,36.59101,-119.16702
98446,Tacoma,WA,47.1297,-122.37423
94708,Berkeley,CA,37.90265,-122.26195
94965,Sausalito,CA,37.84993,-122.52355
92314,Big Bear City,CA,34.26095,-116.81304
95453,Lakeport,CA,39.04561,-122.93731
97365,Newport,OR,44.66872,-124.01448
98550,Hoquiam,WA,47.10384,-123.9367
98823,Ephrata,WA,47.32197,-119.63358
97351,Independence,OR,44.83831,-123.17489
91207,Glendale,CA,34.18361,-118.25864
95073,Soquel,CA,37.0423,-121.92994
95425,Cloverdale,CA,38.81932,-123.04213
98390,Sumner,WA,47.20999,-122.22801
91024,Sierra Madre,CA,34.16871,-118.05036
95953,Live Oak,CA,39.2509,-121.7739
93442,Morro Bay,CA,35.40216,-120.80287
94105,San Francisco,CA,37.78978,-122.39387
95338,Mariposa,CA,37.50978,-119.98252
95012,Castroville,CA,36.77657,-121.75298
93109,Santa Barbara,CA,34.40649,-119.72656
98328,Eatonville,WA,46.86578,-122.17373
93223,Farmersville,CA,36.30456,-119.205
91502,Burbank,CA,34.17676,-118.30922
97138,Seaside,OR,45.90188,-123.67147
92567,Nuevo,CA,33.81232,-117.1048
94571,Rio Vista,CA,38.15822,-121.74043
95386,Waterford,CA,37.66919,-120.63945
91978,Spring Valley,CA,32.72416,-116.9424
95694,Winters,CA,38.55591,-122.00675
95064,Santa Cruz,CA,36.9911,-122.05902
95713,Colfax,CA,39.08996,-120.91606
98541,Elma,WA,47.06045,-123.39138
93108,Santa Barbara,CA,34.44816,-119.62043
94572,Rodeo,CA,38.03198,-122.25077
95322,Gustine,CA,37.17019,-121.01674
97024,Fairview,OR,45.54724,-122.44146
93622,Firebaugh,CA,36.80934,-120.5792
98070,Vashon,WA,47.41219,-122.4726
97457,Myrtle Creek,OR,43.05435,-123.22019
93219,Earlimart,CA,35.87439,-119.28097
96019,Shasta Lake,CA,40.67917,-122.37743
93701,Fresno,CA,36.74968,-119.78766
95326,Hughson,CA,37.59044,-120.85286
97426,Creswell,OR,43.89992,-123.0367
97383,Stayton,OR,44.79361,-122.72171
95119,San Jose,CA,37.22893,-121.78599
99021,Mead,WA,47.84824,-117.18953
97023,Estacada,OR,45.23533,-122.2261
98346,Kingston,WA,47.8185,-122.53234
99320,Benton City,WA,46.26522,-119.48767
93286,Woodlake,CA,36.47024,-119.10553
92310,Fort Irwin,CA,35.26144,-116.69033
94925,Corte Madera,CA,37.92376,-122.5128
90094,Playa Vista,CA,33.97539,-118.417
92657,Newport Coast,CA,33.59561,-117.83209
98247,Everson,WA,48.908,-122.32248
92254,Mecca,CA,33.54474,-115.99414
96097,Yreka,CA,41.75581,-122.67266
97367,Lincoln City,OR,44.91557,-123.97531
99324,College Place,WA,46.04264,-118.38662
97479,Sutherlin,OR,43.40238,-123.1998
98252,Granite Falls,WA,48.07309,-121.68949
95006,Boulder Creek,CA,37.16994,-122.14742
93546,Mammoth Lakes,CA,37.58419,-118.8523
95033,Los Gatos,CA,37.16017,-121.98213
98327,Dupont,WA,47.10126,-122.66074
98611,Castle Rock,WA,46.30812,-122.89524
92252,Joshua Tree,CA,34.16837,-116.2884
98418,Tacoma,WA,47.22323,-122.44647
98841,Omak,WA,48.35883,-119.26948
99349,Mattawa,WA,46.73155,-119.70123
93465,Templeton,CA,35.54014,-120.73303
93926,Gonzales,CA,36.52922,-121.40769
92359,Mentone,CA,34.08318,-117.06638
98629,La Center,WA,45.88169,-122.61413
97487,Veneta,OR,43.98617,-123.39091
93644,Oakhurst,CA,37.37857,-119.62883
98606,Brush Prairie,WA,45.72973,-122.45637
95946,Penn Valley,CA,39.21537,-121.20124
99005,Colbert,WA,47.84425,-117.36623
94931,Cotati,CA,38.32462,-122.71597
93620,Dos Palos,CA,37.02486,-120.62881
95010,Capitola,CA,36.97722,-121.95476
99022,Medical Lake,WA,47.60157,-117.71132
94574,Saint Helena,CA,38.53569,-122.39274
92320,Calimesa,CA,33.99042,-117.05205
94930,Fairfax,CA,37.96513,-122.61276
97370,Philomath,OR,44.56894,-123.46029
90014,Los Angeles,CA,34.04308,-118.25169
92250,Holtville,CA,32.82385,-115.23944
91020,Montrose,CA,34.21129,-118.23072
99156,Newport,WA,48.1848,-117.19075
97009,Boring,OR,45.42427,-122.33785
91935,Jamul,CA,32.70882,-116.79053
99026,Nine Mile Falls,WA,47.81146,-117.62775
95065,Santa Cruz,CA,37.03154,-121.98329
97540,Talent,OR,42.19974,-122.80854
94158,San Francisco,CA,37.76976,-122.3876
95726,Pollock Pines,CA,38.80334,-120.51647
97378,Sheridan,OR,45.07352,-123.42961
92655,Midway City,CA,33.74514,-117.98493
90077,Los Angeles,CA,34.10546,-118.45615
95324,Hilmar,CA,37.39508,-120.89377
95988,Willows,CA,39.50503,-122.27429
93449,Pismo Beach,CA,35.158,-120.65072
98403,Tacoma,WA,47.26595,-122.4585
98250,Friday Harbor,WA,48.55815,-123.0915
93625,Fowler,CA,36.62455,-119.67187
90211,Beverly Hills,CA,34.06502,-118.38304
97882,Umatilla,OR,45.89984,-119.35522
92325,Crestline,CA,34.24332,-117.2811
95327,Jamestown,CA,37.86072,-120.47968
93463,Solvang,CA,34.62188,-120.14167
97759,Sisters,OR,44.3772,-121.78388
98563,Montesano,WA,47.20859,-123.60306
94710,Berkeley,CA,37.86734,-122.30312
92249,Heber,CA,32.72559,-115.47265
92548,Homeland,CA,33.75866,-117.10946
98596,Winlock,WA,46.4957,-122.95323
97048,Rainier,OR,46.04457,-122.98087
97496,Winston,OR,43.05776,-123.49006
92067,Rancho Santa Fe,CA,33.02141,-117.19383
92241,Desert Hot Springs,CA,33.85305,-116.30055
98620,Goldendale,WA,45.87202,-120.77468
95005,Ben Lomond,CA,37.09905,-122.08716
98589,Tenino,WA,46.83933,-122.81146
93721,Fresno,CA,36.73291,-119.78374
90056,Los Angeles,CA,33.98809,-118.37033
93510,Acton,CA,34.46514,-118.21418
95932,Colusa,CA,39.27203,-121.9988
98815,Cashmere,WA,47.48374,-120.47431
95220,Acampo,CA,38.19719,-121.23825
98826,Leavenworth,WA,47.7875,-120.85453
92233,Calipatria,CA,33.17378,-115.55954
94515,Calistoga,CA,38.62483,-122.61865
97537,Rogue River,OR,42.54655,-123.14123
97205,Portland,OR,45.519,-122.70202
93434,Guadalupe,CA,34.9226,-120.60163
94027,Atherton,CA,37.45321,-122.20406
95019,Freedom,CA,36.9355,-121.7832
95139,San Jose,CA,37.22495,-121.76414
93234,Huron,CA,36.19126,-120.09009
97411,Bandon,OR,43.07421,-124.35919
98577,Raymond,WA,46.64218,-123.60769
98354,Milton,WA,47.25027,-122.31469
98239,Coupeville,WA,48.1916,-122.66083
93022,Oak View,CA,34.40734,-119.30566
98337,Bremerton,WA,47.56861,-122.63088
98675,Yacolt,WA,45.827,-122.34442
98294,Sultan,WA,47.87617,-121.74479
94028,Portola Valley,CA,37.37857,-122.21545
98047,Pacific,WA,47.26208,-122.24756
90401,Santa Monica,CA,34.01545,-118.49248
93445,Oceano,CA,35.03049,-120.62024
95642,Jackson,CA,38.34262,-120.76101
96067,Mount Shasta,CA,41.30912,-122.36782
98953,Zillah,WA,46.44227,-120.22679
99001,Airway Heights,WA,47.63652,-117.58632
95693,Wilton,CA,38.39999,-121.21256
95316,Denair,CA,37.55325,-120.71399
97392,Turner,OR,44.78939,-122.94136
97325,Aumsville,OR,44.83135,-122.85173
98465,Tacoma,WA,47.24823,-122.52906
97530,Jacksonville,OR,42.15192,-123.05757
98024,Fall City,WA,47.57493,-121.90112
98672,White Salmon,WA,45.81843,-121.46297
97760,Terrebonne,OR,44.39092,-121.23781
95631,Foresthill,CA,39.05606,-120.79093
95018,Felton,CA,37.07408,-122.05934
95658,Newcastle,CA,38.87953,-121.15382
93267,Strathmore,CA,36.15106,-119.05196
98014,Carnation,WA,47.66122,-121.89445
98936,Moxee,WA,46.53598,-120.14407
92276,Thousand Palms,CA,33.82232,-116.36424
94939,Larkspur,CA,37.93719,-122.53391
93591,Palmdale,CA,34.60184,-117.81218
92342,Helendale,CA,34.7584,-117.34944
98625,Kalama,WA,46.04237,-122.72783
97146,Warrenton,OR,46.13148,-123.91986
97423,Coquille,OR,43.19484,-124.17293
97002,Aurora,OR,45.23708,-122.79898
98388,Steilacoom,WA,47.19891,-122.66275
96094,Weed,CA,41.53313,-122.31791
98922,Cle Elum,WA,47.26931,-120.88143
92356,Lucerne Valley,CA,34.5107,-116.89677
99204,Spokane,WA,47.64564,-117.42712
97352,Jefferson,OR,44.75148,-123.03139
93924,Carmel Valley,CA,36.39891,-121.64066
98315,Silverdale,WA,47.72288,-122.71457
98331,Forks,WA,47.78437,-124.1851
99326,Connell,WA,46.64977,-118.8522
99027,Otis Orchards,WA,47.71042,-117.12622
92624,Capistrano Beach,CA,33.45927,-117.66566
93615,Cutler,CA,36.50334,-119.28633
93240,Lake Isabella,CA,35.61359,-118.44267
95683,Sloughhouse,CA,38.50764,-121.10153
98569,Ocean Shores,WA,47.00632,-124.15122
95811,Sacramento,CA,38.58747,-121.48516
95436,Forestville,CA,38.491,-122.91416
97016,Clatskanie,OR,46.05878,-123.2688
98402,Tacoma,WA,47.24859,-122.4387
93427,Buellton,CA,34.60889,-120.22383
97707,Bend,OR,43.8258,-121.49526
97446,Harrisburg,OR,44.26785,-123.0575
92372,Pinon Hills,CA,34.44481,-117.62514
95202,Stockton,CA,37.95945,-121.28754
95626,Elverta,CA,38.73297,-121.46801
98855,Tonasket,WA,48.67535,-119.27048
97391,Toledo,OR,44.62573,-123.89577
98816,Chelan,WA,47.99847,-120.32949
98236,Clinton,WA,47.95814,-122.40474
95987,Williams,CA,39.09609,-122.28249
95971,Quincy,CA,39.93721,-120.90026
95046,San Martin,CA,37.09614,-121.59504
93428,Cambria,CA,35.59032,-121.02929
92861,Villa Park,CA,33.81773,-117.81012
93656,Riverdale,CA,36.45516,-119.93595
95619,Diamond Springs,CA,38.6831,-120.81563
98260,Langley,WA,48.03069,-122.45086
90290,Topanga,CA,34.09588,-118.60707
97444,Gold Beach,OR,42.47962,-124.34441
98010,Black Diamond,WA,47.31309,-122.00055
92352,Lake Arrowhead,CA,34.26065,-117.20154
98443,Tacoma,WA,47.20462,-122.37412
95470,Redwood Valley,CA,39.31171,-123.24669
95467,Hidden Valley Lake,CA,38.80355,-122.54066
95709,Camino,CA,38.74883,-120.67938
98439,Lakewood,WA,47.12388,-122.50169
97523,Cave Junction,OR,42.12095,-123.57109
95249,San Andreas,CA,38.18985,-120.62658
98932,Granger,WA,46.33242,-120.16117
99025,Newman Lake,WA,47.78991,-117.08596
93256,Pixley,CA,35.96189,-119.31555
97535,Phoenix,OR,42.26775,-122.81147
99141,Kettle Falls,WA,48.73768,-118.14451
95912,Arbuckle,CA,39.01635,-122.06195
93270,Terra Bella,CA,35.95241,-119.07285
92363,Needles,CA,34.68325,-114.55044
93460,Santa Ynez,CA,34.64866,-120.02449
95672,Rescue,CA,38.72527,-120.99801
96101,Alturas,CA,41.45587,-120.53619
95692,Wheatland,CA,39.04589,-121.40381
92315,Big Bear Lake,CA,34.23501,-116.90509
97394,Waldport,OR,44.42605,-123.9772
93609,Caruthers,CA,36.52658,-119.8641
95446,Guerneville,CA,38.52662,-123.00418
95231,French Camp,CA,37.8739,-121.29004
95666,Pioneer,CA,38.53205,-120.36845
92003,Bonsall,CA,33.28568,-117.19872
92590,Temecula,CA,33.48466,-117.22262
98812,Brewster,WA,48.1445,-119.75284
97227,Portland,OR,45.54429,-122.67855
92210,Indian Wells,CA,33.70043,-116.34019
95722,Meadow Vista,CA,39.00591,-121.02842
99109,Chewelah,WA,48.28532,-117.70135
97114,Dayton,OR,45.1824,-123.07179
98576,Rainier,WA,46.83741,-122.63546
97032,Hubbard,OR,45.17924,-122.7853
98359,Olalla,WA,47.43045,-122.57661
98365,Port Ludlow,WA,47.89513,-122.70283
95222,Angels Camp,CA,38.06467,-120.62048
97467,Reedsport,OR,43.71022,-123.95643
97630,Lakeview,OR,42.31317,-120.36637
97106,Banks,OR,45.65471,-123.13347
92278,Twentynine Palms,CA,34.22989,-116.05507
97913,Nyssa,OR,43.61127,-117.32015
98851,Soap Lake,WA,47.42069,-119.42514
92823,Brea,CA,33.92942,-117.80683
98840,Okanogan,WA,48.31467,-119.56659
96013,Burney,CA,41.0015,-121.68639
93501,Mojave,CA,35.06841,-118.1845
93225,Frazier Park,CA,34.7747,-119.01985
95365,Planada,CA,37.33109,-120.29484
97133,North Plains,OR,45.68195,-123.01959
92121,San Diego,CA,32.89918,-117.20233
93272,Tipton,CA,36.05086,-119.34644
94005,Brisbane,CA,37.68872,-122.40798
96088,Shingletown,CA,40.50989,-121.8795
95685,Sutter Creek,CA,38.43107,-120.76783
98349,Lakebay,WA,47.26622,-122.77272
98640,Ocean Park,WA,46.54758,-124.04613
94951,Penngrove,CA,38.32084,-122.64615
92397,Wrightwood,CA,34.36701,-117.62729
92539,Anza,CA,33.5135,-116.64385
95228,Copperopolis,CA,37.95167,-120.69219
96064,Montague,CA,41.75995,-122.36209
97119,Gaston,OR,45.46866,-123.19967
97374,Scio,OR,44.6927,-122.78396
98524,Allyn,WA,47.35771,-122.86367
95328,Keyes,CA,37.55824,-120.90985
93451,San Miguel,CA,35.90037,-120.59288
97026,Gervais,OR,45.10668,-122.95108
92382,Running Springs,CA,34.20542,-117.11801
98051,Ravensdale,WA,47.34072,-121.88739
95938,Durham,CA,39.60303,-121.79879
97720,Burns,OR,43.56855,-118.84711
91906,Campo,CA,32.65946,-116.46057
99003,Chattaroy,WA,47.91839,-117.28467
98237,Concrete,WA,48.59328,-121.68519
98249,Freeland,WA,48.01818,-122.5391
98232,Bow,WA,48.56535,-122.41566
97458,Myrtle Point,OR,43.05967,-124.01846
95614,Cool,CA,38.88376,-120.98287
97525,Gold Hill,OR,42.44371,-123.07484
95665,Pine Grove,CA,38.40208,-120.65144
97148,Yamhill,OR,45.35589,-123.24658
97362,Mount Angel,OR,45.06916,-122.77021
97101,Amity,OR,45.09043,-123.21732
93202,Armona,CA,36.31335,-119.70853
98844,Oroville,WA,48.91594,-119.2444
97818,Boardman,OR,45.77477,-119.87004
97004,Beavercreek,OR,45.25113,-122.46006
99111,Colfax,WA,46.85372,-117.42452
97918,Vale,OR,44.04162,-117.36115
95004,Aromas,CA,36.87409,-121.633
95045,San Juan Bautista,CA,36.83417,-121.52738
93235,Ivanhoe,CA,36.38984,-119.2199
98257,La Conner,WA,48.41605,-122.5095
95236,Linden,CA,38.03949,-121.02943
95633,Garden Valley,CA,38.84782,-120.82584
99357,Royal City,WA,46.89138,-119.66058
97761,Warm Springs,OR,44.84165,-121.29841
98570,Onalaska,WA,46.63827,-122.63651
98266,Maple Falls,WA,48.9533,-122.12832
95655,Mather,CA,38.54957,-121.27931
97127,Lafayette,OR,45.2461,-123.11145
94129,San Francisco,CA,37.79753,-122.46682
97844,Irrigon,OR,45.87421,-119.55845
99122,Davenport,WA,47.67761,-118.20799
98251,Gold Bar,WA,47.90263,-121.54536
99009,Elk,WA,48.01865,-117.2544
93660,San Joaquin,CA,36.58284,-120.176
98380,Seabeck,WA,47.57555,-122.90221
98935,Mabton,WA,46.1314,-120.08637
98937,Naches,WA,46.808,-121.16104
93953,Pebble Beach,CA,36.58571,-121.94389
95247,Murphys,CA,38.13806,-120.4532
91708,Chino,CA,33.95397,-117.64045
97115,Dundee,OR,45.27229,-123.02701
95379,Tuolumne,CA,37.94693,-120.19399
96073,Palo Cedro,CA,40.59529,-122.20186
90704,Avalon,CA,33.38251,-118.43439
97231,Portland,OR,45.67949,-122.82746
94508,Angwin,CA,38.57675,-122.4442
98333,Fox Island,WA,47.24771,-122.62561
93675,Squaw Valley,CA,36.72283,-119.19346
99323,Burbank,WA,46.19237,-118.84285
97463,Oakridge,OR,43.74772,-122.40384
96055,Los Molinos,CA,40.08519,-122.03562
95053,Santa Clara,CA,37.34878,-121.93768
94304,Palo Alto,CA,37.38187,-122.17392
94535,Travis Afb,CA,38.28467,-121.93269
98245,Eastsound,WA,48.66637,-122.91025
90010,Los Angeles,CA,34.06211,-118.31577
95627,Esparto,CA,38.72619,-122.01421
90089,Los Angeles,CA,34.02442,-118.28033
95423,Clearlake Oaks,CA,39.06486,-122.62739
92140,San Diego,CA,32.7401,-117.19796
97462,Oakland,OR,43.48633,-123.38294
95917,Biggs,CA,39.41906,-121.76252
99328,Dayton,WA,46.25661,-117.86548
98601,Amboy,WA,45.95632,-122.36119
98947,Tieton,WA,46.68755,-120.80146
95623,El Dorado,CA,38.59673,-120.85855
95237,Lockeford,CA,38.16165,-121.14989
96035,Gerber,CA,40.04685,-122.18201
99343,Mesa,WA,46.59183,-119.17937
94111,San Francisco,CA,37.79891,-122.39834
95383,Twain Harte,CA,38.10788,-120.23286
95258,Woodbridge,CA,38.16833,-121.31028
98857,Warden,WA,46.98565,-119.05068
96143,Kings Beach,CA,39.25155,-120.02471
97624,Chiloquin,OR,42.74175,-121.70551
97111,Carlton,OR,45.2916,-123.1957
96093,Weaverville,CA,40.75873,-122.93795
95634,Georgetown,CA,38.93581,-120.77167
93523,Edwards,CA,34.93098,-117.85026
95321,Groveland,CA,37.86092,-120.02585
93602,Auberry,CA,37.03501,-119.31428
93242,Laton,CA,36.44207,-119.7277
95546,Hoopa,CA,41.16034,-123.7327
94038,Moss Beach,CA,37.52184,-122.50633
92661,Newport Beach,CA,33.60262,-117.90038
97734,Culver,OR,44.54038,-121.33486
97017,Colton,OR,45.17177,-122.38501
95562,Rio Dell,CA,40.4624,-124.12516
93437,Lompoc,CA,34.73737,-120.54348
97022,Eagle Creek,OR,45.34598,-122.33038
97327,Brownsville,OR,44.37503,-122.9476
97396,Willamina,OR,45.11938,-123.52159
93265,Springville,CA,36.19567,-118.6826
98591,Toledo,WA,46.44269,-122.74286
98610,Carson,WA,45.86735,-122.0707
99011,Fairchild Air Force Base,WA,47.61883,-117.64812
97368,Otis,OR,45.00593,-123.90625
93921,Carmel By The Sea,CA,36.55396,-121.92296
97539,Shady Cove,OR,42.60007,-122.79042
98557,Mccleary,WA,47.04402,-123.26797
94525,Crockett,CA,38.05278,-122.23117
98546,Grapeview,WA,47.31681,-122.93542
98039,Medina,WA,47.63305,-122.23961
96114,Janesville,CA,40.29473,-120.49696
96122,Portola,CA,39.82647,-120.47237
95982,Sutter,CA,39.18314,-121.80465
91330,Northridge,CA,34.24765,-118.52607
98631,Long Beach,WA,46.38858,-124.03692
96137,Westwood,CA,40.2688,-121.02969
97053,Warren,OR,45.82711,-122.88583
98648,Stevenson,WA,45.70807,-121.95486
95457,Lower Lake,CA,38.88145,-122.5316
93066,Somis,CA,34.28856,-119.0295
95442,Glen Ellen,CA,38.37674,-122.51286
98831,Manson,WA,47.9346,-120.1301
98392,Suquamish,WA,47.73296,-122.5629
97455,Pleasant Hill,OR,43.9646,-122.91734
93650,Fresno,CA,36.84071,-119.79965
97019,Corbett,OR,45.51019,-122.21108
97064,Vernonia,OR,45.87265,-123.22833
97828,Enterprise,OR,45.7068,-117.2286
94964,San Quentin,CA,37.94315,-122.49181
97385,Sublimity,OR,44.86655,-122.72835
98240,Custer,WA,48.9473,-122.62133
99166,Republic,WA,48.5717,-118.64454
95684,Somerset,CA,38.59699,-120.58455
97875,Stanfield,OR,45.81938,-119.13834
94599,Yountville,CA,38.41119,-122.36068
92256,Morongo Valley,CA,34.07707,-116.6064
92536,Aguanga,CA,33.49288,-116.83491
98339,Port Hadlock,WA,48.01877,-122.74952
94130,San Francisco,CA,37.82048,-122.36952
98612,Cathlamet,WA,46.21778,-123.32552
97041,Mount Hood Parkdale,OR,45.4397,-121.61989
98314,Bremerton,WA,47.55595,-122.6387
97042,Mulino,OR,45.20577,-122.53452
95458,Lucerne,CA,39.15052,-122.7474
90021,Los Angeles,CA,34.02931,-118.23873
97437,Elmira,OR,44.09688,-123.38908
96041,Hayfork,CA,40.52362,-123.19445
95918,Browns Valley,CA,39.29654,-121.3334
95536,Ferndale,CA,40.51692,-124.27436
98340,Hansville,WA,47.9023,-122.56348
97331,Corvallis,OR,44.56463,-123.28037
93430,Cayucos,CA,35.49234,-120.92555
94720,Berkeley,CA,37.87396,-122.25477
98813,Bridgeport,WA,48.01416,-119.60655
97845,John Day,OR,44.40179,-118.90315
97456,Monroe,OR,44.34026,-123.36052
98261,Lopez Island,WA,48.48381,-122.88303
93643,North Fork,CA,37.22644,-119.4668
98938,Outlook,WA,46.38829,-120.09413
97131,Nehalem,OR,45.74026,-123.82081
92365,Newberry Springs,CA,34.89977,-116.6491
97469,Riddle,OR,42.92196,-123.42468
98244,Deming,WA,48.80005,-121.9544
90058,Los Angeles,CA,34.00244,-118.21392
92230,Cabazon,CA,33.91058,-116.76598
95951,Hamilton City,CA,39.71694,-122.00226
93532,Lake Hughes,CA,34.68472,-118.54415
97341,Depoe Bay,OR,44.80892,-124.05122
95223,Arnold,CA,38.43419,-119.97443
92061,Pauma Valley,CA,33.29851,-116.92484
96032,Fort Jones,CA,41.60675,-122.96422
95485,Upper Lake,CA,39.2171,-122.92043
92275,Salton City,CA,33.25184,-115.85659
97544,Williams,OR,42.13221,-123.31332
92036,Julian,CA,33.02136,-116.49121
92281,Westmorland,CA,33.05175,-115.60873
97380,Siletz,OR,44.77822,-123.93679
93616,Del Rey,CA,36.65535,-119.59388
95428,Covelo,CA,39.82723,-123.17885
93453,Santa Margarita,CA,35.34703,-120.19726
95329,La Grange,CA,37.67563,-120.40341
97753,Powell Butte,OR,44.23519,-121.01555
95461,Middletown,CA,38.76112,-122.59664
97623,Bonanza,OR,42.18157,-121.31966
97532,Merlin,OR,42.57181,-123.52213
98856,Twisp,WA,48.37294,-120.25319
98295,Sumas,WA,48.97181,-122.22851
95333,Le Grand,CA,37.24229,-120.24045
97883,Union,OR,45.15518,-117.61966
92662,Newport Beach,CA,33.60547,-117.89204
92549,Idyllwild,CA,33.77046,-116.7441
98595,Westport,WA,46.88232,-124.10849
95460,Mendocino,CA,39.30879,-123.75604
95464,Nice,CA,39.12829,-122.84919
94037,Montara,CA,37.55433,-122.49667
99169,Ritzville,WA,47.112,-118.35868
95663,Penryn,CA,38.85575,-121.18231
93252,Maricopa,CA,34.72503,-119.21492
97358,Lyons,OR,44.80596,-122.41273
93271,Three Rivers,CA,36.45921,-118.77808
93285,Wofford Heights,CA,35.71608,-118.50242
98828,Malaga,WA,47.30561,-120.17619
98568,Oakville,WA,46.85486,-123.31387
98862,Winthrop,WA,48.58164,-120.28825
97360,Mill City,OR,44.76528,-122.47458
98847,Peshastin,WA,47.44055,-120.64667
93261,Richgrove,CA,35.80852,-119.12814
92285,Landers,CA,34.34017,-116.54047
90067,Los Angeles,CA,34.0577,-118.41402
93626,Friant,CA,37.04218,-119.6807
97417,Canyonville,OR,42.95311,-123.23005
97827,Elgin,OR,45.58794,-117.84525
93667,Tollhouse,CA,36.95577,-119.32515
96020,Chester,CA,40.367,-121.29632
95002,Alviso,CA,37.44201,-122.0052
97431,Dexter,OR,43.87446,-122.81868
95570,Trinidad,CA,41.12116,-124.11375
96027,Etna,CA,41.3839,-123.06878
95669,Plymouth,CA,38.48221,-120.89838
92004,Borrego Springs,CA,33.13941,-116.10357
93283,Weldon,CA,35.56954,-118.27648
92401,San Bernardino,CA,34.10478,-117.29216
95445,Gualala,CA,38.83295,-123.49572
92386,Sugarloaf,CA,34.23721,-116.82765
93516,Boron,CA,35.00468,-117.63212
95465,Occidental,CA,38.40644,-123.01948
99347,Pomeroy,WA,46.4278,-117.56644
98952,White Swan,WA,46.35435,-120.76141
95690,Walnut Grove,CA,38.2361,-121.5785
98564,Mossyrock,WA,46.45637,-122.43293
92398,Yermo,CA,34.91176,-116.8472
98278,Oak Harbor,WA,48.34128,-122.66293
97449,Lakeside,OR,43.57609,-124.08389
94511,Bethel Island,CA,38.02912,-121.64067
98548,Hoodsport,WA,47.43003,-123.33218
98537,Cosmopolis,WA,46.83011,-123.60261
96145,Tahoe City,CA,39.14738,-120.18665
97443,Glide,OR,43.24704,-123.01073
97435,Drain,OR,43.70037,-123.33489
95638,Herald,CA,38.33437,-121.1226
96025,Dunsmuir,CA,41.21073,-122.31349
95113,San Jose,CA,37.33368,-121.89102
95454,Laytonville,CA,39.80652,-123.50998
91962,Pine Valley,CA,32.7776,-116.47423
93925,Chualar,CA,36.60064,-121.43123
92676,Silverado,CA,33.75037,-117.63463
96134,Tulelake,CA,41.83835,-121.40661
95372,Soulsbyville,CA,37.99172,-120.26084
98376,Quilcene,WA,47.8512,-122.86207
97442,Glendale,OR,42.77045,-123.40467
93205,Bodfish,CA,35.52026,-118.42508
97465,Port Orford,OR,42.75418,-124.38225
98356,Morton,WA,46.56342,-122.29219
92273,Seeley,CA,32.81777,-115.69995
92391,Twin Peaks,CA,34.23799,-117.23481
93258,Porterville,CA,36.05438,-119.15041
97836,Heppner,OR,45.2939,-119.50152
91916,Descanso,CA,32.88799,-116.62135
98858,Waterville,WA,47.64655,-119.90883
99148,Loon Lake,WA,48.10251,-117.59825
96113,Herlong,CA,40.14289,-120.15859
98241,Darrington,WA,48.2237,-121.32766
95469,Potter Valley,CA,39.39942,-123.05399
97347,Grand Ronde,OR,45.07708,-123.65654
95311,Coulterville,CA,37.7045,-120.08199
92145,San Diego,CA,32.9306,-117.00801
95645,Knights Landing,CA,38.88664,-121.78688
97846,Joseph,OR,45.46587,-117.02962
95975,Rough And Ready,CA,39.22442,-121.15153
93249,Lost Hills,CA,35.68836,-119.87675
95310,Columbia,CA,38.09129,-120.37094
95542,Garberville,CA,40.08672,-123.78492
97112,Cloverdale,OR,45.26032,-123.86917
97389,Tangent,OR,44.53352,-123.08975
99361,Waitsburg,WA,46.23673,-118.1439
98822,Entiat,WA,47.86643,-120.47563
98843,Orondo,WA,47.75201,-120.05985
98592,Union,WA,47.32587,-123.08021
99110,Clayton,WA,48.01215,-117.57636
97499,Yoncalla,OR,43.59277,-123.25553
90263,Malibu,CA,34.03892,-118.70792
97107,Bay City,OR,45.55435,-123.88077
93040,Piru,CA,34.48181,-118.79237
93545,Lone Pine,CA,36.55786,-118.05704
99013,Ford,WA,47.89239,-117.83445
95421,Cazadero,CA,38.63036,-123.19319
95567,Smith River,CA,41.94978,-124.11187
93651,Prather,CA,36.99198,-119.52392
95441,Geyserville,CA,38.73094,-122.90494
98253,Greenbank,WA,48.08535,-122.57687
97018,Columbia City,OR,45.89497,-122.81081
98377,Randle,WA,46.52518,-121.89481
97868,Pilot Rock,OR,45.41177,-118.87134
96118,Loyalton,CA,39.63884,-120.22928
97824,Cove,OR,45.33995,-117.75625
97366,South Beach,OR,44.57712,-124.05101
97738,Hines,OR,43.52256,-119.15178
93562,Trona,CA,35.74814,-117.38067
99133,Grand Coulee,WA,48.01489,-119.07685
95319,Empire,CA,37.63936,-120.9031
97067,Welches,OR,45.30635,-122.01959
99181,Valley,WA,48.14329,-117.76926
97452,Lowell,OR,43.8805,-122.72121
95245,Mokelumne Hill,CA,38.29793,-120.6213
93553,Pearblossom,CA,34.42244,-117.90553
93206,Buttonwillow,CA,35.44108,-119.47436
95689,Volcano,CA,38.47885,-120.61202
94020,La Honda,CA,37.28423,-122.22832
99036,Valleyford,WA,47.52532,-117.27588
98207,Everett,WA,47.98799,-122.22302
92283,Winterhaven,CA,32.93769,-114.7472
95374,Stevinson,CA,37.31615,-120.85288
93601,Ahwahnee,CA,37.39375,-119.74444
99173,Springdale,WA,48.03696,-117.86312
97495,Winchester,OR,43.28778,-123.3054
97498,Yachats,OR,44.28485,-124.02009
95524,Bayside,CA,40.82111,-124.04529
98850,Rock Island,WA,47.30764,-120.07758
93440,Los Alamos,CA,34.72943,-120.24455
95947,Greenville,CA,40.17456,-120.8197
95903,Beale Afb,CA,39.10251,-121.36833
97049,Rhododendron,OR,45.35859,-121.86511
98624,Ilwaco,WA,46.36954,-123.9714
95211,Stockton,CA,37.97982,-121.31296
97040,Mosier,OR,45.62479,-121.38804
98635,Lyle,WA,45.74258,-121.20388
93513,Big Pine,CA,37.11836,-118.13134
95560,Redway,CA,40.16453,-123.83859
95664,Pilot Hill,CA,38.79899,-121.05067
97136,Rockaway Beach,OR,45.62439,-123.91609
99360,Touchet,WA,46.09016,-118.66296
98588,Tahuya,WA,47.44458,-123.0233
93222,Pine Mountain Club,CA,34.84483,-119.1997
93201,Alpaugh,CA,35.85875,-119.48758
96052,Lewiston,CA,40.7282,-122.81539
97348,Halsey,OR,44.38452,-123.12296
97632,Malin,OR,42.03211,-121.4233
98586,South Bend,WA,46.54489,-123.81369
95573,Willow Creek,CA,40.88934,-123.66097
93426,Bradley,CA,35.84641,-120.94132
98357,Neah Bay,WA,48.33199,-124.62847
95449,Hopland,CA,38.94221,-123.10135
93527,Inyokern,CA,36.04632,-118.17718
97541,Trail,OR,42.73849,-122.75469
98421,Tacoma,WA,47.25917,-122.39953
93920,Big Sur,CA,36.11042,-121.56063
92086,Warner Springs,CA,33.30957,-116.65268
97054,Deer Island,OR,45.94813,-122.93373
95937,Dunnigan,CA,38.88522,-121.999
93243,Lebec,CA,34.77686,-118.80142
96056,Mcarthur,CA,41.02369,-121.28308
99159,Odessa,WA,47.32943,-118.74247
99116,Coulee Dam,WA,48.01601,-118.92858
97497,Wolf Creek,OR,42.66677,-123.39219
93432,Creston,CA,35.47194,-120.47107
97344,Falls City,OR,44.86914,-123.46455
98645,Silverlake,WA,46.32644,-122.78197
95641,Isleton,CA,38.141,-121.59025
95977,Smartsville,CA,39.17693,-121.28798
98547,Grayland,WA,46.78634,-124.01991
97375,Scotts Mills,OR,44.97735,-122.59641
94514,Byron,CA,37.82537,-121.62355
98325,Chimacum,WA,47.96585,-122.77839
91905,Boulevard,CA,32.67995,-116.31605
97454,Marcola,OR,44.22157,-122.82168
98394,Vaughn,WA,47.3191,-122.77665
92059,Pala,CA,33.37649,-117.06618
97538,Selma,OR,42.2737,-123.58169
92561,Mountain Center,CA,33.64095,-116.61995
95528,Carlotta,CA,40.49924,-123.92811
96107,Coleville,CA,38.48032,-119.47278
99101,Addy,WA,48.32729,-117.92514
95389,Yosemite National Park,CA,37.72677,-119.53536
95551,Loleta,CA,40.66757,-124.21872
98617,Dallesport,WA,45.64391,-121.15643
99031,Spangle,WA,47.42351,-117.36247
99348,Prescott,WA,46.38968,-118.45178
97121,Hammond,OR,46.18212,-123.95678
95525,Blue Lake,CA,40.925,-123.82271
96103,Blairsden Graeagle,CA,39.80115,-120.66082
97813,Athena,OR,45.85042,-118.52813
99161,Palouse,WA,46.8982,-117.13047
95415,Boonville,CA,39.01523,-123.37074
97014,Cascade Locks,OR,45.58407,-122.01834
95955,Maxwell,CA,39.29409,-122.20733
97137,Saint Paul,OR,45.21609,-122.95879
93653,Raymond,CA,37.24955,-119.94468
92282,Whitewater,CA,33.9655,-116.65872
98638,Naselle,WA,46.38956,-123.74334
96028,Fall River Mills,CA,41.01058,-121.47205
95916,Berry Creek,CA,39.66073,-121.36357
96051,Lakehead,CA,40.9326,-122.4031
95426,Cobb,CA,38.8323,-122.73126
93461,Shandon,CA,35.64703,-120.27328
97416,Camas Valley,OR,43.03589,-123.6854
99126,Evans,WA,48.73963,-117.97196
93266,Stratford,CA,36.15726,-119.86374
98351,Longbranch,WA,47.20301,-122.7687
99402,Asotin,WA,46.19394,-117.14736
95962,Oregon House,CA,39.34594,-121.26629
98342,Indianola,WA,47.75387,-122.51789
97324,Alsea,OR,44.35569,-123.62686
95612,Clarksburg,CA,38.39227,-121.57571
98849,Riverside,WA,48.53819,-119.40391
92091,Rancho Santa Fe,CA,33.01093,-117.21135
92242,Earp,CA,34.1652,-114.31961
95313,Crows Landing,CA,37.43001,-121.04698
99180,Usk,WA,48.29579,-117.3285
99139,Ione,WA,48.7346,-117.40668
95323,Hickman,CA,37.61003,-120.68543
97885,Wallowa,OR,45.65585,-117.51177
95255,West Point,CA,38.41967,-120.4759
92257,Niland,CA,33.26444,-115.32343
95468,Point Arena,CA,38.91223,-123.60458
93608,Cantua Creek,CA,36.48691,-120.35799
98320,Brinnon,WA,47.72075,-122.99145
97466,Powers,OR,42.86681,-124.07255
97633,Merrill,OR,42.03085,-121.56334
95686,Thornton,CA,38.19165,-121.48916
98593,Vader,WA,46.40794,-123.0055
97886,Weston,OR,45.7987,-118.23481
98846,Pateros,WA,48.03405,-119.97863
97376,Seal Rock,OR,44.5085,-123.98034
99185,Wilbur,WA,47.74592,-118.71951
95346,Mi Wuk Village,CA,38.06749,-120.17933
95548,Klamath,CA,41.59277,-124.04488
95681,Sheridan,CA,38.99797,-121.35289
93239,Kettleman City,CA,35.97542,-119.94606
96057,Mccloud,CA,41.26795,-121.93612
95968,Palermo,CA,39.43522,-121.55195
94973,Woodacre,CA,38.01266,-122.63965
94957,Ross,CA,37.96308,-122.56369
93668,Tranquillity,CA,36.64862,-120.28502
97488,Vida,OR,44.12753,-122.44518
99119,Cusick,WA,48.5039,-117.28854
98923,Cowiche,WA,46.66635,-120.71772
97326,Blodgett,OR,44.61593,-123.60118
95317,El Nido,CA,37.12725,-120.51506
97641,Christmas Valley,OR,43.26455,-120.51876
95636,Grizzly Flats,CA,38.62126,-120.38326
96008,Bella Vista,CA,40.71236,-122.10816
96023,Dorris,CA,41.92683,-121.9071
91963,Potrero,CA,32.62627,-116.61007
98303,Anderson Island,WA,47.15783,-122.70387
94575,Moraga,CA,37.8419,-122.11042
98603,Ariel,WA,46.0408,-122.42018
98934,Kittitas,WA,46.98179,-120.41493
97110,Cannon Beach,OR,45.90103,-123.9554
93544,Llano,CA,34.49303,-117.75432
99171,Saint John,WA,47.10444,-117.65624
95246,Mountain Ranch,CA,38.23279,-120.51792
94956,Point Reyes Station,CA,38.05359,-122.85161
96146,Olympic Valley,CA,39.19846,-120.23902
97826,Echo,OR,45.65448,-119.22665
98605,Bingen,WA,45.77509,-121.6328
99138,Inchelium,WA,48.22236,-118.37874
95497,The Sea Ranch,CA,38.71649,-123.45271
94924,Bolinas,CA,37.94541,-122.72056
95462,Monte Rio,CA,38.46171,-123.0223
98281,Point Roberts,WA,48.98817,-123.05767
95303,Ballico,CA,37.48297,-120.66189
99008,Edwall,WA,47.50805,-117.92447
97810,Adams,OR,45.71397,-118.45808
97865,Mount Vernon,OR,44.4472,-119.19104
91008,Duarte,CA,34.15344,-117.96821
97438,Fall Creek,OR,43.95088,-122.68838
92339,Forest Falls,CA,34.09364,-116.93627
94922,Bodega,CA,38.34186,-122.94952
95039,Moss Landing,CA,36.82653,-121.77489
97419,Cheshire,OR,44.17576,-123.40945
99330,Eltopia,WA,46.48982,-119.04317
98304,Ashford,WA,46.86803,-121.75183
95547,Hydesville,CA,40.55751,-124.08116
99115,Coulee City,WA,47.64718,-119.42387
95635,Greenwood,CA,38.90496,-120.90861
98836,Monitor,WA,47.47526,-120.42756
98933,Harrah,WA,46.40223,-120.63124
92321,Cedar Glen,CA,34.25446,-117.15332
96062,Millville,CA,40.57391,-122.07108
97204,Portland,OR,45.51832,-122.6738
93606,Biola,CA,36.80315,-120.01847
95254,Wallace,CA,38.19516,-120.95514
97536,Prospect,OR,42.78738,-122.50562
95369,Snelling,CA,37.53346,-120.43175
92518,March Air Reserve Base,CA,33.88869,-117.27768
92368,Oro Grande,CA,34.65227,-117.33282
98943,South Cle Elum,WA,47.18562,-120.95846
97021,Dufur,OR,45.3871,-121.14216
99155,Nespelem,WA,48.25567,-118.95348
95410,Albion,CA,39.20801,-123.68669
99170,Rosalia,WA,47.24762,-117.4022
97346,Gates,OR,44.76901,-122.35788
91917,Dulzura,CA,32.60876,-116.71979
98639,North Bonneville,WA,45.66284,-121.98949
99030,Rockford,WA,47.4841,-117.11023
95466,Philo,CA,39.08617,-123.50397
97037,Maupin,OR,45.06757,-121.02609
95919,Brownsville,CA,39.43289,-121.26113
97377,Shedd,OR,44.46393,-123.10471
96044,Hornbrook,CA,41.94084,-122.52007
95589,Whitethorn,CA,40.05662,-123.97052
98416,Tacoma,WA,47.26258,-122.48128
97876,Summerville,OR,45.5165,-118.03552
97434,Dorena,OR,43.66775,-122.79333
90073,Los Angeles,CA,34.05453,-118.45696
96140,Carnelian Bay,CA,39.22463,-120.09807
94592,Vallejo,CA,38.09194,-122.27466
98650,Trout Lake,WA,45.97293,-121.52874
97413,Blue River,OR,44.1006,-122.02805
98649,Toutle,WA,46.31417,-122.53538
95629,Fiddletown,CA,38.51645,-120.6885
98565,Napavine,WA,46.57832,-122.90197
95942,Forest Ranch,CA,40.01871,-121.56466
95659,Nicolaus,CA,38.83993,-121.57134
97869,Prairie City,OR,44.40198,-118.62051
95549,Kneeland,CA,40.67478,-123.91525
99130,Garfield,WA,46.99731,-117.18411
99029,Reardan,WA,47.69765,-117.82934
97534,O'Brien,OR,42.08425,-123.75982
94060,Pescadero,CA,37.22338,-122.33714
96120,Markleeville,CA,38.75366,-119.83344
93441,Los Olivos,CA,34.74779,-120.03937
97823,Condon,OR,45.24281,-120.20562
94938,Lagunitas,CA,38.02907,-122.72653
95452,Kenwood,CA,38.42555,-122.53517
99123,Electric City,WA,47.84593,-119.14289
97020,Donald,OR,45.22204,-122.83756
95701,Alta,CA,39.22737,-120.76634
97812,Arlington,OR,45.55943,-120.21621
96039,Happy Camp,CA,41.69298,-123.48892
97834,Halfway,OR,44.96864,-117.18919
98262,Lummi Island,WA,48.69276,-122.6638
97063,Tygh Valley,OR,45.22297,-121.29255
97820,Canyon City,OR,44.16878,-119.19978
99012,Fairfield,WA,47.38209,-117.19286
96142,Tahoma,CA,38.99948,-120.12581
95957,Meridian,CA,39.06216,-121.82823
95943,Glenn,CA,39.58572,-122.03669
93218,Ducor,CA,35.8609,-119.03612
93624,Five Points,CA,36.37876,-120.11625
93666,Sultana,CA,36.54713,-119.33539
94613,Oakland,CA,37.78093,-122.18285
93928,Jolon,CA,36.03241,-121.23953
96047,Igo,CA,40.4643,-122.66396
96024,Douglas City,CA,40.5754,-122.89042
98355,Mineral,WA,46.68689,-122.05559
96104,Cedarville,CA,41.51614,-120.12916
95230,Farmington,CA,37.9607,-120.882
97011,Brightwood,OR,45.38724,-122.0265
95456,Little River,CA,39.25969,-123.74759
94933,Forest Knolls,CA,38.01252,-122.68743
97453,Mapleton,OR,43.99817,-123.85948
97461,Noti,OR,44.09769,-123.48948
98134,Seattle,WA,47.57783,-122.33743
98585,Silver Creek,WA,46.55493,-122.49572
98358,Nordland,WA,48.0557,-122.70761
95703,Applegate,CA,38.9908,-120.98528
94586,Sunol,CA,37.57372,-121.8513
95922,Camptonville,CA,39.48489,-121.07192
99033,Tekoa,WA,47.23237,-117.09927
98814,Carlton,WA,48.20686,-120.15826
93518,Caliente,CA,35.37002,-118.46128
96109,Doyle,CA,40.0196,-120.09784
97867,North Powder,OR,45.06907,-117.9955
94923,Bodega Bay,CA,38.34163,-123.03126
98326,Clallam Bay,WA,48.16779,-124.38897
95345,Midpines,CA,37.59019,-119.96519
98651,Underwood,WA,45.74276,-121.584
96069,Oak Run,CA,40.68677,-122.0098
97870,Richland,OR,44.78891,-117.18786
97118,Garibaldi,OR,45.56101,-123.91122
98361,Packwood,WA,46.5888,-121.59131
93424,Avila Beach,CA,35.19,-120.73219
97388,Gleneden Beach,OR,44.89207,-124.02187
95652,Mcclellan,CA,38.66309,-121.40115
99341,Lind,WA,46.91289,-118.65311
92070,Santa Ysabel,CA,33.1594,-116.72662
93254,New Cuyama,CA,34.94866,-119.77105
97489,Walterville,OR,44.13709,-122.64589
98220,Acme,WA,48.68497,-122.19692
95941,Forbestown,CA,39.52098,-121.2424
98323,Carbonado,WA,47.04063,-121.88815
99032,Sprague,WA,47.31739,-118.02805
95674,Rio Oso,CA,38.95417,-121.48186
95553,Miranda,CA,40.24435,-123.89617
93450,San Ardo,CA,36.05641,-120.82381
95565,Scotia,CA,40.45778,-124.01098
98396,Wilkeson,WA,47.09851,-122.00986
98535,Copalis Beach,WA,47.1066,-124.1339
97481,Tenmile,OR,43.11386,-123.55215
93673,Traver,CA,36.45261,-119.48234
93665,South Dos Palos,CA,36.96018,-120.64814
95914,Bangor,CA,39.40999,-121.36326
95552,Mad River,CA,40.19843,-123.23113
97390,Tidewater,OR,44.31498,-123.85884
98587,Taholah,WA,47.30875,-124.21419
99129,Fruitland,WA,48.00522,-118.1927
97429,Days Creek,OR,42.96834,-123.06351
94937,Inverness,CA,38.10872,-122.91398
97833,Haines,OR,44.92896,-118.01488
99113,Colton,WA,46.59412,-117.19146
92327,Daggett,CA,34.86284,-116.86134
99157,Northport,WA,48.92469,-117.81576
95830,Sacramento,CA,38.49402,-121.27235
98447,Tacoma,WA,47.14429,-122.44348
96038,Grenada,CA,41.60892,-122.54643
95043,Paicines,CA,36.52513,-120.96137
97345,Foster,OR,44.41464,-122.57084
96048,Junction City,CA,40.82089,-123.0521
95439,Fulton,CA,38.49315,-122.77761
98276,Nooksack,WA,48.92698,-122.32597
98336,Glenoma,WA,46.56449,-122.11248
92358,Lytle Creek,CA,34.25923,-117.52095
97149,Neskowin,OR,45.10521,-123.94853
98572,Pe Ell,WA,46.5512,-123.32437
99040,Wellpinit,WA,47.90086,-118.00526
97117,Gales Creek,OR,45.61289,-123.28747
99118,Curlew,WA,48.89659,-118.639
97135,Pacific City,OR,45.19514,-123.95611
99023,Mica,WA,47.56109,-117.17176
97901,Adrian,OR,43.62894,-117.09006
93932,Lockwood,CA,35.99153,-121.06232
95432,Elk,CA,39.10516,-123.64
95444,Graton,CA,38.43321,-122.86894
95543,Gasquet,CA,41.87127,-123.8623
95615,Courtland,CA,38.31429,-121.54646
96096,Whitmore,CA,40.64528,-121.8394
92347,Hinkley,CA,34.95443,-117.22236
94970,Stinson Beach,CA,37.9145,-122.64684
97436,Elkton,OR,43.64043,-123.59204
92066,Ranchita,CA,33.21937,-116.53526
90742,Sunset Beach,CA,33.71792,-118.07155
99143,Lacrosse,WA,46.73947,-117.85625
93255,Onyx,CA,35.6824,-118.09555
96128,Standish,CA,40.35521,-120.41054
95960,North San Juan,CA,39.38978,-121.04434
95017,Davenport,CA,37.10583,-122.24176
93238,Kernville,CA,35.80228,-118.44215
92322,Cedarpines Park,CA,34.25437,-117.32647
98530,Bucoda,WA,46.78803,-122.82345
97492,Westfir,OR,43.72143,-122.49536
95563,Salyer,CA,40.87625,-123.49847
95668,Pleasant Grove,CA,38.82844,-121.49253
97486,Umpqua,OR,43.38201,-123.52858
97371,Rickreall,OR,44.98779,-123.20653
97639,Sprague River,OR,42.45146,-121.43653
94946,Nicasio,CA,38.07889,-122.69433
93452,San Simeon,CA,35.71049,-121.20413
94567,Pope Valley,CA,38.70583,-122.38603
92305,Angelus Oaks,CA,34.16326,-116.82868
95227,Clements,CA,38.20669,-121.04327
95306,Catheys Valley,CA,37.38408,-120.12909
97843,Ione,OR,45.50471,-119.89785
99401,Anatone,WA,46.08744,-117.25143
97830,Fossil,OR,44.9502,-120.18931
95459,Manchester,CA,38.97956,-123.58638
93517,Bridgeport,CA,38.27358,-119.30296
97108,Beaver,OR,45.26893,-123.70879
97627,Keno,OR,42.12189,-122.01889
97410,Azalea,OR,42.79896,-123.14789
95387,Westley,CA,37.50588,-121.32775
92135,San Diego,CA,32.69673,-117.19328
93526,Independence,CA,36.81063,-118.28513
95251,Vallecito,CA,38.08235,-120.45474
95651,Lotus,CA,38.81781,-120.92925
96091,Trinity Center,CA,41.03584,-122.78817
98829,Malott,WA,48.31242,-119.80894
95970,Princeton,CA,39.40056,-122.06028
98542,Ethel,WA,46.52462,-122.71866
98279,Olga,WA,48.64471,-122.8083
91931,Guatay,CA,32.84637,-116.55771
99125,Endicott,WA,46.94299,-117.77858
99158,Oakesdale,WA,47.13032,-117.24738
95939,Elk Creek,CA,39.56322,-122.59296
97543,Wilderville,OR,42.37506,-123.56212
95556,Orleans,CA,41.30078,-123.58461
97065,Wasco,OR,45.59894,-120.65763
97737,Gilchrist,OR,43.50266,-121.73126
97447,Idleyld Park,OR,43.27536,-122.51546
98243,Deer Harbor,WA,48.62096,-123.00505
97522,Butte Falls,OR,42.58129,-122.52832
99321,Beverly,WA,46.87464,-119.89279
97441,Gardiner,OR,43.75104,-124.15651
98438,Mcchord Afb,WA,47.13163,-122.49706
92678,Trabuco Canyon,CA,33.68469,-117.52655
95653,Madison,CA,38.69343,-121.97767
96148,Tahoe Vista,CA,39.24685,-120.05806
98673,Wishram,WA,45.65212,-121.03609
97531,Kerby,OR,42.20427,-123.64943
95471,Rio Nido,CA,38.52404,-122.96878
98830,Mansfield,WA,47.89518,-119.51453
92309,Baker,CA,35.21647,-116.13003
98827,Loomis,WA,48.86486,-119.76696
95675,River Pines,CA,38.54471,-120.74052
98946,Thorp,WA,47.07912,-120.72166
92258,North Palm Springs,CA,33.91584,-116.55986
97638,Silver Lake,OR,43.13952,-120.99851
96058,Macdoel,CA,41.72783,-121.93254
97841,Imbler,OR,45.46512,-117.94494
97039,Moro,OR,45.45601,-120.66447
93954,San Lucas,CA,36.13313,-120.94207
97857,Lostine,OR,45.37812,-117.50433
99179,Uniontown,WA,46.49006,-117.11898
99346,Plymouth,WA,45.99829,-119.30493
95233,Hathaway Pines,CA,38.1762,-120.37044
96087,Shasta,CA,40.62393,-122.61601
99134,Harrington,WA,47.4301,-118.31124
96059,Manton,CA,40.4275,-121.83234
93604,Bass Lake,CA,37.39166,-119.47865
93652,Raisin City,CA,36.59502,-119.90458
98941,Roslyn,WA,47.22328,-120.98209
98619,Glenwood,WA,45.97502,-121.27212
97109,Buxton,OR,45.73784,-123.18112
96084,Round Mountain,CA,40.85035,-121.96886
98925,Easton,WA,47.25806,-121.28081
91210,Glendale,CA,34.14452,-118.25645
99102,Albion,WA,46.79212,-117.2501
99167,Rice,WA,48.41723,-118.11899
97910,Jordan Valley,OR,42.73826,-117.50535
98581,Ryderwood,WA,46.35777,-123.06723
99103,Almira,WA,47.73715,-118.93697
95420,Caspar,CA,39.36712,-123.80392
95714,Dutch Flat,CA,39.20125,-120.83932
92147,San Diego,CA,32.72458,-117.2193
97412,Blachly,OR,44.19597,-123.56091
94021,Loma Mar,CA,37.27091,-122.28065
95554,Myers Flat,CA,40.28413,-123.79454
97636,Paisley,OR,42.61088,-120.52183
97907,Huntington,OR,44.41016,-117.34305
95527,Burnt Ranch,CA,40.8534,-123.43175
98644,Seaview,WA,46.32964,-124.05628
96033,French Gulch,CA,40.76366,-122.56918
96090,Tehama,CA,40.02045,-122.12906
98552,Humptulips,WA,47.30465,-123.91924
93224,Fellows,CA,35.22818,-119.56929
98824,George,WA,47.07784,-119.85868
98643,Rosburg,WA,46.30135,-123.61472
97364,Neotsu,OR,44.99901,-123.9868
99117,Creston,WA,47.72402,-118.5208
95075,Tres Pinos,CA,36.78021,-121.14122
96124,Calpine,CA,39.64338,-120.45044
97622,Bly,OR,42.41915,-121.03403
95585,Leggett,CA,39.84467,-123.65699
92155,San Diego,CA,32.67492,-117.16175
92268,Pioneertown,CA,34.2221,-116.56421
98068,Snoqualmie Pass,WA,47.44072,-121.34967
97874,Spray,OR,44.77754,-119.86744
98280,Orcas,WA,48.60694,-122.90963
92328,Death Valley,CA,36.529,-116.87036
95555,Orick,CA,41.3011,-123.99042
95041,Mount Hermon,CA,37.05082,-122.0576
97130,Manzanita,OR,45.69632,-123.92251
98050,Preston,WA,47.54399,-121.94041
99140,Keller,WA,48.11156,-118.67673
98345,Keyport,WA,47.69921,-122.62354
94104,San Francisco,CA,37.79146,-122.40207
96016,Cassel,CA,40.91155,-121.52318
95558,Petrolia,CA,40.2961,-124.23457
95385,Vernalis,CA,37.60949,-121.25116
93962,Spreckels,CA,36.62471,-121.64649
95979,Stonyford,CA,39.30145,-122.51586
97450,Langlois,OR,42.90428,-124.39742
93067,Summerland,CA,34.42182,-119.59312
96129,Beckwourth,CA,39.78757,-120.35564
95257,Wilseyville,CA,38.38056,-120.44456
98350,La Push,WA,47.90532,-124.61399
94963,San Geronimo,CA,38.01376,-122.67024
96141,Homewood,CA,39.07853,-120.17341
96065,Montgomery Creek,CA,40.88819,-121.88087
98613,Centerville,WA,45.73673,-120.96569
98385,South Prairie,WA,47.13755,-122.09186
95412,Annapolis,CA,38.71367,-123.35009
97122,Hebo,OR,45.1763,-123.81958
99153,Metaline Falls,WA,48.8515,-117.2127
92333,Fawnskin,CA,34.27062,-116.94926
97451,Lorane,OR,43.8152,-123.26791
97733,Crescent,OR,43.37924,-121.95668
93529,June Lake,CA,37.80506,-119.09807
95564,Samoa,CA,40.7899,-124.20339
95607,Capay,CA,38.79135,-122.12724
96006,Adin,CA,41.17425,-120.85292
97625,Dairy,OR,42.31485,-121.58099
94528,Diablo,CA,37.84559,-121.95071
96050,Klamath River,CA,41.90006,-122.88684
95983,Taylorsville,CA,40.07792,-120.70727
93664,Shaver Lake,CA,37.0953,-119.21105
95225,Burson,CA,38.19882,-120.88891
94548,Knightsen,CA,37.9735,-121.65354
95493,Witter Springs,CA,39.18538,-122.97207
95007,Brookdale,CA,37.10502,-122.10678
98538,Curtis,WA,46.47758,-123.15272
96105,Chilcoot,CA,39.83341,-120.17841
95569,Redcrest,CA,40.36748,-123.85533
97731,Chemult,OR,43.14598,-121.79748
98533,Cinebar,WA,46.67121,-122.43414
97493,Westlake,OR,43.89788,-124.01746
99150,Malo,WA,48.79435,-118.58291
96063,Mineral,CA,40.36022,-121.60481
96121,Milford,CA,40.16886,-120.37315
97856,Long Creek,OR,44.80663,-119.12171
93563,Valyermo,CA,34.3966,-117.76036
95417,Branscomb,CA,39.68977,-123.61
96117,Litchfield,CA,40.54621,-120.23999
97750,Mitchell,OR,44.63858,-120.1165
97145,Tolovana Park,OR,45.85103,-123.95067
99363,Wallula,WA,46.06652,-118.88846
95950,Grimes,CA,39.04405,-121.92095
96075,Paynes Creek,CA,40.33852,-121.84893
97147,Wheeler,OR,45.68879,-123.88215
97430,Deadwood,OR,44.17494,-123.70523
98256,Index,WA,47.82999,-121.43037
95956,Meadow Valley,CA,39.83806,-121.13636
98845,Palisades,WA,47.41839,-119.92731
98305,Beaver,WA,48.06029,-124.43012
96092,Vina,CA,39.96245,-122.01554
97476,Sixes,OR,42.83552,-124.41224
98283,Rockport,WA,48.80273,-121.25818
93531,Keene,CA,35.21601,-118.58996
97880,Ukiah,OR,45.08362,-118.89401
97001,Antelope,OR,44.92441,-120.65
98558,Mckenna,WA,46.93397,-122.55659
99128,Farmington,WA,47.09934,-117.07292
95639,Hood,CA,38.3903,-121.50015
98267,Marblemount,WA,48.44342,-121.31629
97480,Swisshome,OR,44.13581,-123.83571
93512,Benton,CA,37.89263,-118.56464
99137,Hunters,WA,48.16826,-118.09022
95984,Twain,CA,40.04096,-121.12268
99371,Washtucna,WA,46.80678,-118.31679
91934,Jacumba,CA,32.65855,-116.17246
96009,Bieber,CA,41.06347,-121.04102
96015,Canby,CA,41.50377,-120.91725
98555,Lilliwaup,WA,47.53579,-123.06229
96054,Lookout,CA,41.26648,-121.10043
97102,Arch Cape,OR,45.79203,-123.95464
97906,Harper,OR,43.52609,-117.77349
98381,Sekiu,WA,48.27373,-124.47476
95920,Butte City,CA,39.46072,-121.93702
98647,Skamokawa,WA,46.31842,-123.43538
93244,Lemon Cove,CA,36.46691,-119.01558
91759,Mt Baldy,CA,34.25405,-117.69148
98821,Dryden,WA,47.55177,-120.55942
97414,Broadbent,OR,42.96512,-124.17391
98590,Tokeland,WA,46.71866,-124.00252
95571,Weott,CA,40.32248,-123.92055
99135,Hartline,WA,47.66121,-119.09739
96135,Vinton,CA,39.80868,-120.20566
95837,Sacramento,CA,38.70046,-121.5915
99149,Malden,WA,47.21719,-117.46406
95435,Finley,CA,39.00716,-122.86947
97873,Seneca,OR,44.13206,-119.00288
93549,Olancha,CA,36.19817,-117.94901
99335,Kahlotus,WA,46.65368,-118.47453
97134,Oceanside,OR,45.45734,-123.96575
95736,Weimar,CA,39.03885,-120.97747
94940,Marshall,CA,38.17042,-122.87275
98527,Bay Center,WA,46.58626,-123.89747
92134,San Diego,CA,32.72425,-117.14671
96076,Platina,CA,40.38277,-122.92755
97839,Lexington,OR,45.59138,-119.59274
97877,Sumpter,OR,44.79261,-118.33936
97125,Manning,OR,45.66742,-123.21216
96037,Greenview,CA,41.54799,-122.93506
96034,Gazelle,CA,41.43185,-122.61543
98571,Pacific Beach,WA,47.19446,-124.17242
96086,Seiad Valley,CA,41.87458,-123.22039
95312,Cressey,CA,37.42103,-120.65308
95925,Challenge,CA,39.4689,-121.17952
96106,Clio,CA,39.73671,-120.54374
95568,Somes Bar,CA,41.45328,-123.46342
99124,Elmer City,WA,47.9999,-118.95282
98621,Grays River,WA,46.37784,-123.54961
97029,Grass Valley,OR,45.28737,-120.80847
95637,Guinda,CA,38.83411,-122.23689
97835,Helix,OR,45.91,-118.78663
98628,Klickitat,WA,45.85926,-121.09064
95511,Alderpoint,CA,40.17126,-123.63025
95935,Dobbins,CA,39.37755,-121.19117
97490,Walton,OR,44.00425,-123.61199
93207,California Hot Springs,CA,35.88985,-118.63056
94929,Dillon Beach,CA,38.25237,-122.96279
97473,Scottsburg,OR,43.67797,-123.87375
97904,Drewsey,OR,43.88224,-118.51065
95537,Fields Landing,CA,40.72646,-124.21754
95606,Brooks,CA,38.75605,-122.19543
97825,Dayville,OR,44.38529,-119.5166
93627,Helm,CA,36.50905,-120.08755
95978,Stirling City,CA,39.87564,-121.53629
93541,Lee Vining,CA,37.98192,-119.11567
99322,Bickleton,WA,45.94405,-120.18078
97634,Midland,OR,42.12827,-121.81491
98940,Ronald,WA,47.40476,-121.07325
93669,Wishon,CA,37.28276,-119.54215
90743,Surfside,CA,33.72709,-118.08284
98860,Wilson Creek,WA,47.46881,-119.16396
92378,Rimforest,CA,34.2261,-117.22605
98288,Skykomish,WA,47.666,-121.27535
95728,Soda Springs,CA,39.317,-120.42589
99018,Latah,WA,47.28979,-117.15487
95450,Jenner,CA,38.49431,-123.16909
92239,Desert Center,CA,33.76482,-115.47023
94971,Tomales,CA,38.24177,-122.91434
93260,Posey,CA,35.81723,-118.66912
95427,Comptche,CA,39.24419,-123.56352
97864,Monument,OR,44.84588,-119.44529
96112,Fort Bidwell,CA,41.86019,-120.10601
93641,Miramonte,CA,36.69905,-119.03191
92341,Green Valley Lake,CA,34.23479,-117.06587
97730,Camp Sherman,OR,44.50237,-121.64715
97343,Eddyville,OR,44.55856,-123.7434
97721,Princeton,OR,42.9041,-118.58289
95318,El Portal,CA,37.64516,-119.79939
99121,Danville,WA,48.94794,-118.46514
92385,Skyforest,CA,34.21473,-117.19233
97840,Oxbow,OR,44.90644,-116.9271
98224,Baring,WA,47.66382,-121.51302
97350,Idanha,OR,44.64076,-121.91593
98526,Amanda Park,WA,47.46144,-123.97576
98811,Ardenvoir,WA,47.71386,-120.37618
98832,Marlin,WA,47.37195,-119.01776
96068,Nubieber,CA,41.11529,-121.20869
93251,McKittrick,CA,35.36171,-119.69355
98834,Methow,WA,48.11708,-120.08911
96011,Big Bend,CA,41.05006,-121.98342
93605,Big Creek,CA,37.20312,-119.24942
95526,Bridgeville,CA,40.4567,-123.69082
97373,Saint Benedict,OR,45.05708,-122.77175
95443,Glenhaven,CA,39.04946,-122.73954
97028,Government Camp,OR,45.28232,-121.75272
97848,Kimberly,OR,44.67557,-119.56605
97369,Otter Rock,OR,44.76165,-124.05169
98602,Appleton,WA,45.86716,-121.26554
98819,Conconully,WA,48.61684,-119.81462
95697,Yolo,CA,38.73244,-121.81016
94569,Port Costa,CA,38.03508,-122.19244
95488,Westport,CA,39.69135,-123.7579
97484,Tiller,OR,42.94002,-122.8502
98164,Seattle,WA,47.60596,-122.33203
98817,Chelan Falls,WA,47.79153,-119.99527
97620,Adel,OR,42.20628,-119.78389
99131,Gifford,WA,48.27909,-118.12317
95717,Gold Run,CA,39.14458,-120.85264
93603,Badger,CA,36.62048,-118.95871
98859,Wauconda,WA,48.80241,-118.91408
97357,Logsden,OR,44.73947,-123.80475
97050,Rufus,OR,45.68281,-120.77134
98582,Salkum,WA,46.5215,-122.62382
96116,Likely,CA,41.26319,-120.42208
95494,Yorkville,CA,38.88969,-123.33784
94074,San Gregorio,CA,37.32588,-122.34979
97635,New Pine Creek,OR,41.93715,-120.29869
92389,Tecopa,CA,35.90217,-116.15425
99356,Roosevelt,WA,45.82125,-120.31507
95224,Avery,CA,38.22528,-120.32711
96029,Flournoy,CA,39.94207,-122.47811
92060,Palomar Mountain,CA,33.34078,-116.8486
93524,Edwards,CA,34.93199,-117.90714
98255,Hamilton,WA,48.52207,-121.98931
98614,Chinook,WA,46.29717,-123.90149
96074,Paskenta,CA,39.86746,-122.59372
95431,Eldridge,CA,38.34831,-122.51701
95232,Glencoe,CA,38.35534,-120.59406
98286,Shaw Island,WA,48.57262,-122.95712
91046,Verdugo City,CA,34.21145,-118.24104
95936,Downieville,CA,39.60728,-120.79215
95335,Long Barn,CA,38.10945,-120.09668
95601,Amador City,CA,38.42592,-120.82501
97859,Meacham,OR,45.52907,-118.42136
99176,Thornton,WA,47.08093,-117.42387
97621,Beatty,OR,42.47655,-121.28228
98583,Satsop,WA,47.00116,-123.48746
95698,Zamora,CA,38.81752,-121.91213
93645,O'Neals,CA,37.17103,-119.64134
94128,San Francisco,CA,37.62216,-122.38478
95934,Crescent Mills,CA,40.07192,-120.92855
97329,Cascadia,OR,44.41125,-122.38453
93043,Port Hueneme Cbc Base,CA,34.17084,-119.20239
93276,Tupman,CA,35.29937,-119.35868
93429,Casmalia,CA,34.86537,-120.53652
99359,Starbuck,WA,46.52731,-118.11115
95514,Blocksburg,CA,40.29127,-123.65249
96017,Castella,CA,41.11961,-122.27029
98575,Quinault,WA,47.41778,-123.79553
98833,Mazama,WA,48.68821,-120.61132
95595,Zenia,CA,40.11671,-123.42455
95463,Navarro,CA,39.18677,-123.55835
93621,Dunlap,CA,36.81464,-119.1721
99329,Dixie,WA,46.15636,-118.14531
96014,Callahan,CA,41.33895,-122.77793
97604,Crater Lake,OR,42.94659,-122.17721
99345,Paterson,WA,45.95266,-119.68965
90822,Long Beach,CA,33.77844,-118.11863
96031,Forks Of Salmon,CA,41.18353,-123.18184
91948,Mount Laguna,CA,32.86941,-116.45317
97884,Unity,OR,44.45644,-118.21822
98921,Buena,WA,46.43107,-120.31878
97637,Plush,OR,42.52584,-119.91401
97640,Summer Lake,OR,42.89029,-120.67172
99017,Lamont,WA,47.18881,-117.8756
90071,Los Angeles,CA,34.05278,-118.25482
96133,Topaz,CA,38.63289,-119.50411
96125,Sierra City,CA,39.5957,-120.62775
96110,Eagleville,CA,41.29329,-120.09354
93554,Randsburg,CA,35.41481,-117.76603
96040,Hat Creek,CA,40.77872,-121.42273
99147,Lincoln,WA,47.8395,-118.44258
94950,Olema,CA,38.02486,-122.75993
95910,Alleghany,CA,39.47444,-120.82258
97732,Crane,OR,43.39673,-118.45323
96010,Big Bar,CA,40.91942,-123.24622
93226,Glennville,CA,35.73667,-118.72873
92259,Ocotillo,CA,32.7377,-115.93223
93528,Johannesburg,CA,35.37158,-117.64335
93042,Point Mugu Nawc,CA,33.2479,-119.5067
95545,Honeydew,CA,40.28037,-124.06367
97842,Imnaha,OR,45.46752,-116.74865
97144,Timber,OR,45.74048,-123.30958
95429,Dos Rios,CA,39.72746,-123.29603
98560,Matlock,WA,47.30752,-123.41887
96115,Lake City,CA,41.69864,-120.14951
93592,Trona,CA,35.93029,-117.26725
96046,Hyampom,CA,40.59968,-123.42904
97710,Fields,OR,42.18621,-118.47568
93623,Fish Camp,CA,37.49377,-119.64269
98616,Cougar,WA,46.197,-122.14157
99160,Orient,WA,48.83875,-118.3063
92266,Palo Verde,CA,33.34535,-114.92183
95248,Rail Road Flat,CA,38.32399,-120.46138
93208,Camp Nelson,CA,36.05663,-118.56848
99152,Metaline,WA,48.84959,-117.39626
94576,Deer Park,CA,38.54929,-122.4764
97736,Frenchglen,OR,42.71476,-119.0058
95715,Emigrant Gap,CA,39.26433,-120.67621
94516,Canyon,CA,37.83387,-122.16498
95720,Kyburz,CA,38.76708,-120.2265
99151,Marcus,WA,48.66449,-118.06362
98330,Elbe,WA,46.77244,-122.16879
95140,Mount Hamilton,CA,37.3897,-121.61968
93522,Darwin,CA,36.29483,-117.59573
92332,Essex,CA,34.91269,-115.34169
97909,Jamieson,OR,44.24647,-117.41897
97735,Fort Rock,OR,43.41066,-120.92595
95550,Korbel,CA,40.77331,-123.81846
98939,Parker,WA,46.49687,-120.46581
96049,Redding,CA,41.76839,-123.32588
97342,Detroit,OR,44.73974,-121.88891
97758,Riley,OR,43.38843,-119.88021
98364,Port Gamble,WA,47.84697,-122.58839
97712,Brothers,OR,43.78281,-120.45307
95604,Auburn,CA,39.24336,-120.07154
95013,Coyote,CA,37.21535,-121.74153
96126,Sierraville,CA,39.52992,-120.45679
97905,Durkee,OR,44.57379,-117.45952
98222,Blakely Island,WA,48.56085,-122.80263
98263,Lyman,WA,48.52196,-122.06694
96111,Floriston,CA,39.47476,-120.04144
93628,Hume,CA,36.79197,-118.92513
95646,Kirkwood,CA,38.69154,-120.06181
96108,Davis Creek,CA,41.77515,-120.44572
95325,Hornitos,CA,37.48497,-120.24151
97751,Paulina,OR,44.13755,-119.87398
98536,Copalis Crossing,WA,47.20063,-124.09948
95625,Elmira,CA,38.35811,-121.91151
98235,Clearlake,WA,48.46475,-122.23332
97920,Westfall,OR,44.07265,-117.84644
99039,Waverly,WA,47.34466,-117.2656
95930,Clipper Mills,CA,39.5519,-121.19346
93287,Woody,CA,35.72929,-118.93141
95559,Phillipsville,CA,40.1859,-123.74824
97911,Juntura,OR,43.75425,-118.05702
97494,Wilbur,OR,43.3304,-123.3281
95974,Richvale,CA,39.48023,-121.83853
93220,Edison,CA,35.3969,-118.75688
97722,Diamond,OR,42.95081,-118.69496
98544,Galvin,WA,46.7389,-123.02662
97817,Bates,OR,44.71373,-118.64708
97837,Hereford,OR,44.51811,-118.03637
96119,Madeline,CA,41.02327,-120.52529
98950,Vantage,WA,46.89747,-119.99058
99174,Steptoe,WA,47.01064,-117.3588
95986,Washington,CA,39.34258,-120.77087
95679,Rumsey,CA,38.88594,-122.3272
96085,Scott Bar,CA,41.75231,-123.05265
93262,Sequoia National Park,CA,36.6008,-118.71097
95486,Villa Grande,CA,38.47411,-123.02405
95587,Piercy,CA,39.96325,-123.77574
97903,Brogan,OR,44.24869,-117.62058
96132,Termo,CA,40.89059,-120.37772
97033,Kent,OR,45.23361,-120.5876
98195,Seattle,WA,47.64925,-122.30919
98297,Waldron,WA,48.7005,-123.02834
97406,Agness,OR,42.62136,-124.014
98562,Moclips,WA,47.23855,-124.20362
97626,Fort Klamath,OR,42.66858,-122.02784
96136,Wendel,CA,40.30836,-120.11896
99333,Hooper,WA,46.69266,-118.15021
98670,Wahkiacus,WA,45.85885,-121.14091
95981,Strawberry Valley,CA,39.63608,-121.03597
97908,Ironside,OR,44.30925,-117.93944
99105,Benge,WA,46.9034,-118.10477
94573,Rutherford,CA,38.4556,-122.4261
99034,Tumtum,WA,47.88562,-117.74864
97711,Ashwood,OR,44.72285,-120.63173
99154,Mohler,WA,47.38973,-118.36596
96071,Old Station,CA,40.66364,-121.45879
95923,Canyon Dam,CA,40.15792,-121.1155
93558,Red Mountain,CA,35.34799,-117.62145
95944,Goodyears Bar,CA,39.49932,-120.93149
94972,Valley Ford,CA,38.28951,-122.95895
96123,Ravendale,CA,40.81018,-120.29682
99146,Laurier,WA,48.9576,-118.29754
98641,Oysterville,WA,46.54638,-124.02992
92304,Amboy,CA,34.54146,-115.64452
95724,Norden,CA,39.31171,-120.32804
93634,Lakeshore,CA,37.2076,-118.94222
91608,Universal City,CA,34.13826,-118.35285
95699,Drytown,CA,38.4354,-120.85948
96061,Mill Creek,CA,40.33076,-121.48649
98353,Manchester,WA,47.53885,-122.49294
99144,Lamona,WA,47.3777,-118.50423
99136,Hay,WA,46.67473,-117.95542
92384,Shoshone,CA,36.0125,-116.17791
97819,Bridgeport,OR,44.48542,-117.76037
94512,Birds Landing,CA,38.13282,-121.83822
98852,Stehekin,WA,48.25281,-120.55118
98853,Stratford,WA,47.46201,-119.26036
95735,Twin Bridges,CA,38.82061,-120.15228
93530,Keeler,CA,36.48085,-117.86892
95680,Ryde,CA,38.23978,-121.58454
97057,Shaniko,OR,45.00276,-120.7499
95430,Duncans Mills,CA,38.46138,-123.04717
92267,Parker Dam,CA,34.27582,-114.19065
92364,Nipton,CA,35.34055,-115.42615
95375,Strawberry,CA,38.18664,-120.02612
99020,Marshall,WA,47.56242,-117.49663
98174,Seattle,WA,47.60457,-122.33536
98559,Malone,WA,46.95859,-123.32725
98158,Seattle,WA,47.45015,-122.30798
98238,Conway,WA,48.33523,-122.34459
98154,Seattle,WA,47.60641,-122.33372
99164,Pullman,WA,46.73104,-117.1522
98430,Camp Murray,WA,47.11732,-122.56915
91371,Woodland Hills,CA,34.18459,-118.57636
93633,Kings Canyon National Pk,CA,36.79306,-118.72273
90506,Torrance,CA,33.88491,-118.33033
90095,Los Angeles,CA,34.07119,-118.44335
91980,Tecate,CA,32.58882,-116.61917
90079,Los Angeles,CA,34.04059,-118.2554
93410,San Luis Obispo,CA,35.30126,-120.66088
90747,Carson,CA,33.86298,-118.25131
92222,Bard,CA,32.78577,-114.54552
93519,Cantil,CA,35.29748,-117.92937
90090,Dodgertown,CA,34.07282,-118.24099
95721,Echo Lake,CA,38.83448,-120.08184
90831,Long Beach,CA,33.76829,-118.2017
92132,San Diego,CA,32.71368,-117.17201
95364,Pinecrest,CA,38.21142,-119.81338
95915,Belden,CA,39.97548,-121.20866
93943,Monterey,CA,36.59706,-121.87413
92280,Vidal,CA,34.12557,-114.77794
93064,Brandeis,CA,34.24755,-118.70095
94850,Richmond,CA,37.90243,-122.31961
96155,South Lake Tahoe,CA,38.75192,-120.0917
95305,Big Oak Flat,CA,37.80468,-120.27189
95234,Holt,CA,37.92544,-121.52776
92338,Ludlow,CA,34.78262,-116.19042
95226,Campo Seco,CA,38.22864,-120.85805
97752,Post,OR,44.13734,-120.29783
97208,Portland,OR,45.52866,-122.67898
97384,Mehama,OR,44.791,-122.61888
